,Sample_1,Sample_2,Sample_3,Sample_4,Sample_5,Sample_6
Gene_0000,26.290842751947196,11.917591413049852,25.15442462288515,11.306018296656672,12.177290976218107,16.502783078004303
Gene_0001,7.824438831618627,5.316873351465035,6.5092599401887785,7.851426118420515,9.430221371068322,4.356728171978704
Gene_0002,20.57776520043184,10.74154284010123,11.9956564302044,9.492829970535377,25.910193986475463,32.084039070862964
Gene_0003,114.52248033450445,75.12874352002203,77.01590470462898,65.75270921079867,66.7561225069733,65.90559008538389
Gene_0004,7.490045807771065,5.0520894281367275,2.998868422238564,4.916560699358436,5.714931291660466,5.9652998943696645
Gene_0005,8.706865831076756,3.95246051667321,6.601244318939008,6.88340930986406,9.631724974749028,6.941799513707592
Gene_0006,122.25757915264273,93.4347422838198,62.874338746365375,87.00189805121292,112.80433794876416,97.85706258957906
Gene_0007,40.96742620584588,30.056936321650646,20.836734709422455,16.773573359462485,26.85785738558239,37.87197823823827
Gene_0008,3.982768647218316,2.1906335344405607,4.988741627247632,2.976094705012968,3.9010847442510865,4.924855254719923
Gene_0009,31.68418450576537,12.880222007675311,10.395232405548052,19.370775723158985,19.562099876987983,15.033074067717754
Gene_0010,5.007379388090402,2.842832974436354,2.2241933019146707,3.9411584946090525,3.6259474562692744,8.275072091186027
Gene_0011,8.764793787264471,2.6915164333598005,2.8291656799003824,3.3803849474461773,2.2406180565991436,4.547196680079657
Gene_0012,11.055703202601942,13.229592616748253,13.304646649406564,10.064503479998454,22.474200537026196,11.864453862431786
Gene_0013,0.9026938079208856,0.3838905153671281,0.2436389394560424,0.5651022946160915,0.5033086699089969,0.6531573461184549
Gene_0014,0.7548440148662583,0.49854527271344684,0.21797669087307298,0.5208136052915747,0.718089302283549,0.6992576932479613
Gene_0015,3.346458641939095,1.6922860753457147,2.5469010161075234,3.3887556494987643,3.5821658702889017,4.1834768545950825
Gene_0016,1.790235058999888,1.9003708548716016,1.7505531840639401,3.394158113660075,1.4873403237316603,3.9876976698192075
Gene_0017,13.76358265880044,7.926914007745621,15.566260872310247,8.453560079795196,12.837426920914451,12.725910228287123
Gene_0018,2.7510235170859474,1.8712637432322292,1.5108490261479648,1.1885481536005635,1.3430144622043114,2.0086063807459045
Gene_0019,1.3299674313590928,0.9374684779000373,0.7201993354876722,1.2299122230571986,2.016657878138523,1.073928608959954
Gene_0020,71.74531182070345,97.25545344418903,86.34057565005503,59.45392786583413,52.71451169430512,107.20398851367203
Gene_0021,6.691168559235237,3.4534017331845384,2.7567965161306693,5.239288711193323,4.430519705202402,3.9125168414667644
Gene_0022,19.90025955164528,3.2094801777247084,6.67515455395915,7.079950028969855,8.215197344997863,5.293242778991399
Gene_0023,1.8736717933711666,0.8946729105706349,0.8467592792742245,0.8827256175955577,1.4711901015522495,0.8534644920776316
Gene_0024,4.763974857806581,5.4425602971288685,3.42755717404178,5.773675057855225,3.7604921545182197,2.335099600488532
Gene_0025,11.29708002932341,12.289412456281218,6.869546966369638,12.150178708334657,6.905473608776707,8.968693385118215
Gene_0026,1.7441692917062883,1.3594467068743477,1.2183508976076736,1.8635777161459164,2.1958788861457275,1.7843693774704834
Gene_0027,19.97260888616787,10.877826999485261,5.644632565278583,9.290574269697576,18.534214261579077,11.601424457400306
Gene_0028,2.826286206694424,3.7130330245244876,2.25968116322816,2.3256912349065475,4.044442353404531,2.283705886482201
Gene_0029,5.651979138998171,3.4592985618829135,5.0136704558164675,2.2278950891416427,6.779822188107745,5.686335658854181
Gene_0030,2.3247772298228937,3.3568993579913484,2.047067241764466,2.5726777726786567,7.046421362805645,4.531298972164909
Gene_0031,171.56180374371425,134.38766557106263,111.02649060440845,173.4257733802456,262.6223249451361,83.49032570971019
Gene_0032,11.253422500266229,9.664771404401085,7.5948637528358045,9.254959533759815,6.756539076333162,10.811705638039856
Gene_0033,1.674035247504477,3.3602048641135758,1.2514778462827352,1.548522241702614,2.821786887737703,2.2556337776575
Gene_0034,52.0795708140127,27.721616381642455,24.498521851682625,27.589871730063063,32.64001707042409,39.44267764249695
Gene_0035,1.0489232753319675,0.9868036087317141,0.8134840486201559,1.053786974597045,1.5765430357047683,1.9918903444436367
Gene_0036,8.33732388908625,9.740509478969683,8.714325601168383,11.764005794582951,6.975369986906495,22.844378968531863
Gene_0037,0.535041866276479,0.22322888763825863,0.43051029073640934,0.5382564034881335,0.42577268116130956,0.41002904503948734
Gene_0038,1.765810474362621,0.7945155768577766,0.9689610137734843,0.6792787852808715,0.9054212966490808,1.215794680297466
Gene_0039,21.056925766853634,8.526487098888765,7.636877050793824,11.887739991034234,14.592106419026214,10.22837625998429
Gene_0040,24.948007292170438,18.56250481491171,21.946794117301963,32.38682768860931,35.367568215741684,26.13037533557078
Gene_0041,16.90173081274898,9.712650477322853,10.860057864000126,9.233551857561174,5.879535395889962,17.66737906752749
Gene_0042,7.859589631879637,4.713694153950865,3.0808375028630226,8.390156857615404,7.075855431176494,4.84442593091143
Gene_0043,5.716265036443249,6.393769382266516,6.108754827093819,11.977887552844061,7.550955685102923,4.241152613630041
Gene_0044,1.3418836764175484,0.7811012151031738,0.6669747275843362,0.8531973763891177,0.8719567575739378,1.4193184840181337
Gene_0045,3.906687822407646,2.4305411217399295,2.615713609398847,3.091162576324822,3.581293360003283,3.9790781013979655
Gene_0046,2.9531829544397405,3.2587502205528547,4.864053794593065,3.2476971452515824,4.716951450765883,3.8764038058867185
Gene_0047,71.90924257293379,36.70492234194282,21.929604198254054,41.69495524474044,45.83062963507699,54.42423003952319
Gene_0048,23.955889467771737,15.388604055520219,9.172881034202343,15.546419857617368,13.076335796965651,16.000143761169014
Gene_0049,0.5568442597259144,0.39296726237869783,0.4415479940221424,0.6090919271698277,0.4177954809237917,0.9611043124473744
Gene_0050,17.31592111488838,9.57697071520172,8.71160619005578,9.684617618118775,9.839827081278333,14.343320341578217
Gene_0051,6.155493869008129,3.6763819253180845,6.401381559998132,4.828841417832603,5.882333645822797,6.585509688940549
Gene_0052,3.7046118488409996,1.7359000641346685,1.8988371169477718,4.5430438420339465,3.08708013548821,6.9034831795526825
Gene_0053,20.06911862775445,14.04697964359975,14.360863341793861,23.15999921126142,20.342900635135237,25.835504774549605
Gene_0054,36.298326315205145,29.20393168684297,33.83420513156852,50.67419955215416,35.026450304190774,41.10391011744831
Gene_0055,37.940278962318885,37.7093192259003,19.104647012500003,30.451584949974077,31.253605734627413,43.31330204502677
Gene_0056,3.818095662969481,2.204746285924925,1.7093715448496416,2.8761863799484373,3.293722820776189,2.19546743407699
Gene_0057,7.000774896493856,4.782334110580342,4.688317135249259,5.5305277430542485,4.818098940931271,11.104798009731427
Gene_0058,13.908083353120306,15.22341740543266,10.08141177100022,9.993584970892275,9.312401077688142,14.965117285379566
Gene_0059,51.500250086386146,29.748433629701484,28.47304689192477,38.443723634582675,45.74966417922775,34.33767729756074
Gene_0060,1.9609620935598753,3.9316076895869805,2.8181912915250495,2.9272139496346243,3.8827624504807345,3.2717907399039725
Gene_0061,10.103689002594319,5.265706551846869,3.2570657909193406,5.063049190241397,6.47340032279704,9.0746345798626
Gene_0062,1.06752487203958,1.478128217071636,1.4199643789970569,1.6284318348229,2.610501266214434,2.1285889236174405
Gene_0063,1.4101796974705774,1.00153396726084,1.9075625382012056,1.4698859340948607,1.3997492657350519,1.2352696330752702
Gene_0064,22.865909311562845,11.679251733645621,23.05690997514097,19.150722628821885,31.259241595892743,34.69271273635185
Gene_0065,49.0438580470563,52.70691279574222,55.45631322689615,84.84934144470476,45.48825785229471,41.95504855213809
Gene_0066,12.025052882187264,9.869799940615838,7.489169632188047,8.618475019662105,7.119626099490462,8.184822383338988
Gene_0067,37.03073880568053,42.68443324887617,20.86673953587619,29.494454782083096,45.829518323907386,44.519699322991414
Gene_0068,18.05034073555634,16.48982638952105,19.430902647706457,8.771431804331952,9.1395682362078,24.765671996772742
Gene_0069,3.543105329185545,3.9504516335062663,2.7364878475308942,2.9422378062388463,3.4189897887413405,2.600959063129493
Gene_0070,18.76446677512054,12.67157138721843,19.0164950238036,12.165836663285985,15.015784653726172,10.10866664729303
Gene_0071,97.2087547488716,76.47163496166462,54.64191349743739,84.04214866731655,86.1605412184369,66.23652060464498
Gene_0072,6.098986646805304,5.6498878649172575,11.082151063647224,6.873321023896928,10.959206058047464,5.474472430933211
Gene_0073,133.30035487128964,68.22519687428895,89.40426747178235,46.295736912571684,97.91191678460488,134.6620371658596
Gene_0074,0.16025559473356812,0.16961637902220858,0.15722940737192412,0.1414512305698071,0.2593894033312145,0.2697606087716985
Gene_0075,20.340999861086257,35.32847913565203,24.946096986687312,25.317338552111067,21.575278166528896,32.58083558820804
Gene_0076,9.477261601085548,7.841318882260867,7.16829837388553,11.144993301686563,10.055494489934338,14.17903699985892
Gene_0077,9.473290109613451,4.003233942854963,6.204685643298963,4.188532893840488,5.548902931518755,5.734393602070563
Gene_0078,14.005737222315629,8.235630118295795,8.112494543695936,15.356902125613379,7.054290721555358,9.620663090852405
Gene_0079,0.4320605007992216,0.4359093274245761,0.19055431645937254,0.23118799204281246,0.5725279960971257,0.39595324715191876
Gene_0080,6.125584722513033,3.346804629644001,3.486828254592157,8.620679187435758,12.239462809444976,5.652966157339824
Gene_0081,14.671952847414719,6.156355092563273,10.952540246090356,12.91894220128665,14.401584898577104,9.263981376751891
Gene_0082,161.84269128356397,55.832176199888195,68.27181698409274,96.06624300890243,90.47907618498678,85.70601555949797
Gene_0083,4.874096081534721,2.2865663232692293,3.062631181141819,3.8070574725803326,3.9937132744213235,3.916898022286548
Gene_0084,3.1996180702758084,1.832145824674073,2.9055047178319877,3.385317548666452,2.033900590813467,3.208082263963925
Gene_0085,6.069090937395175,3.2339382414167983,1.7783574530647315,3.3921953283834725,2.3115252297919624,4.179647879887413
Gene_0086,40.10493058906797,24.724606917082607,27.93375575493024,22.961950157846225,27.062320139597496,32.43044318931118
Gene_0087,14.32739416495009,18.16573723234646,6.432666702919622,20.279274556428565,9.136801493446606,10.87617128626761
Gene_0088,4.027774940151634,3.5753155896303057,3.8456001118667333,3.531197175385522,6.381234320270773,3.982107435515194
Gene_0089,19.988960210405857,16.95756052234994,14.228113325670067,18.665747276144142,17.674792456325424,23.247040627356014
Gene_0090,10.817974030838688,10.003637657270769,8.892032039888242,13.549685737720026,8.834033923842684,7.081035448986984
Gene_0091,50.30053477287226,21.80169841716229,22.36414219412906,25.37342506937071,47.29879697489752,37.86454295365252
Gene_0092,3.3510156693031803,3.4189183213809433,3.470907622279349,3.373291873019501,2.1110094730604443,3.2272770554743375
Gene_0093,7.2070388253083815,4.2906911169289925,5.667116661076616,4.144821854257961,4.117387238192669,4.254141015681857
Gene_0094,5.126289771504888,4.872719893158299,4.48418761308525,4.31677424004864,4.801991266521892,4.016000066714243
Gene_0095,1.0779676844548214,0.5791699815020539,0.72580687454772,0.9201051918113866,1.2841917128983227,1.0291326422770866
Gene_0096,8.096886216568906,7.01971845516344,12.57604589230992,8.040050089396003,15.355245732007662,9.573124395405216
Gene_0097,18.416381556350323,13.566725372965244,8.11059654032694,9.471177613343864,13.50218709053282,14.173379796589442
Gene_0098,10.57376663170969,8.095135843356468,8.828570995565626,12.222927712482017,8.739707598326529,6.645031237373841
Gene_0099,8.973552972828195,3.8503889107199396,7.819494041799619,7.420883443407673,6.719147488113677,8.345987863673429
Gene_0100,0.4746520039512751,0.6614739263723958,1.1182705483453983,0.9497784517769802,1.0770340211290588,2.081518615062945
Gene_0101,9.414996469406303,5.35126390277267,2.897381965122566,4.628766923635248,3.3095477923258794,3.545256438726786
Gene_0102,5.423876041056825,3.0034901106348086,4.517730220376493,4.428128036167371,5.137277242221613,6.055676545319647
Gene_0103,3.9582353252729434,3.5256200005671205,1.3802959279623301,3.646911218959351,1.842731029740514,2.0820792729978224
Gene_0104,5.434997247805532,4.299744221017301,6.318266038677434,5.979202005703356,6.815281862145542,9.25499314007659
Gene_0105,20.83569906123744,15.930956853380694,14.223756970833275,15.894138109563457,13.445616347161895,10.819004705865545
Gene_0106,116.74750696356608,110.09720247180942,65.496076078525,193.13884822322402,307.31232221446777,168.7233513769824
Gene_0107,10.190902299541403,11.172923133896862,6.215137507176992,8.322616843393863,10.87720844898614,8.625953860749023
Gene_0108,24.712133357533368,8.968888100344971,9.161777414560984,18.997051776458015,8.18108632373609,11.929755358973054
Gene_0109,7.987563470878385,6.111447060174656,5.538532012213282,4.570004362317,7.277943173320955,5.662293736829535
Gene_0110,0.5676969160559024,0.4085214957095474,0.26518074738803027,0.7416018815519612,0.5567839636720956,0.6208621753676111
Gene_0111,11.798930194269026,5.105116516902361,7.31977133666142,6.9500438414120485,13.450410132104066,6.449100093372733
Gene_0112,12.010835985595875,9.808633270854614,8.000017116868854,8.23058543642453,7.770082817410741,11.142204583311667
Gene_0113,398.1179029957424,247.5393165464461,257.29896913968463,184.59820040564819,212.06779356608791,313.0739048565833
Gene_0114,7.906666096856619,5.020597264234771,4.048625280055255,5.2874791105864,8.111484396681243,6.2458819679545226
Gene_0115,30.57262647309027,8.37027321762929,14.59369279624125,9.30638301309009,8.801416106533951,14.174623747745835
Gene_0116,8.823389260979635,3.157885231868657,10.572018673541399,6.397836573723907,7.055849160488077,6.515542419390969
Gene_0117,1.7403252436755599,1.1739157318065412,1.0156926383812515,1.344619549031821,1.358618026223544,1.5918527633386983
Gene_0118,71.96572042265065,82.16169316870788,31.31948507824981,59.85309612916844,46.06785479297554,75.80316991636532
Gene_0119,40.703606028952585,28.04894895169606,24.262164788002792,26.5891173656749,32.18241270846822,21.100075811813802
Gene_0120,44.23057854008493,23.369695804804685,19.941348504033222,29.05447082874497,22.606305321283187,40.161004347309216
Gene_0121,2.9279345544963826,1.6950663665704302,1.6615583736556574,1.488225479997284,1.9948548088250568,3.456144384620322
Gene_0122,55.039403302821775,59.24027073852586,69.39006458148026,50.92157456582135,69.17790975888576,55.37623274442853
Gene_0123,1.8851591090616733,1.032547929607993,0.4667660377178488,1.694118196400873,1.082067995716669,0.6807994867992394
Gene_0124,16.169736577192737,12.142505175247758,24.274650628734417,15.643363762247409,21.03957148789161,22.775364124556752
Gene_0125,276.78289826576344,267.9097774312048,185.1458475665396,355.2662009729975,258.0765894718742,195.6381348526335
Gene_0126,1.7068884909859614,2.0127062957774227,1.355816495594315,1.7016504085517696,2.4697541053658307,3.419799755117328
Gene_0127,3.9672424701004743,3.80638320650855,2.821981909884478,3.461012728954101,4.075994916965841,3.727736406520071
Gene_0128,12.120098777281758,9.503784565707214,7.7823794850017585,12.947569041660893,11.272024326040388,7.87444530990216
Gene_0129,4.893721432964555,3.3917358533453306,1.8947414883751983,5.565994647384439,2.4766102655459763,2.8732511275429196
Gene_0130,1.0484788919548924,0.8577295401392057,1.0368036896805757,0.7642063316673733,0.8401661502015182,1.1685712646686448
Gene_0131,17.008567756130322,9.497788933456745,7.605703570115322,7.978041874257865,10.842438825555758,8.055014285772847
Gene_0132,2.2019956871466313,1.311278402952277,1.5731836241146873,1.6162194528134537,2.142552801055722,1.7762396782269851
Gene_0133,17.883902654434426,12.292366247498894,18.347803385399533,18.212303104527496,14.005563474147293,23.381263340044445
Gene_0134,3.179898121332301,1.8628188710813345,1.256300379459732,2.660665317136575,1.7505378685811328,1.8783461143430744
Gene_0135,138.17239077084832,116.77838324567068,79.8859075346875,82.80529604630365,72.92581072571082,87.00177137473419
Gene_0136,2.0210093741457915,1.5281506275705716,1.9318614460400247,3.0074947009970576,3.0734953347451777,2.651048066814741
Gene_0137,6.978870655466762,2.850004209523006,5.390268736079999,8.155863377489503,7.126664195454167,6.531983174963168
Gene_0138,39.54293361429958,25.543283458761504,12.130996650057984,30.72234271934081,25.40152018079763,34.89364241586911
Gene_0139,1.3650537896087072,1.1498599602278239,1.0383485506329315,1.4014688121520626,1.7556926430151214,1.274399294659421
Gene_0140,20.098823996686818,10.631940515675508,7.956585804913088,7.21266212856617,12.3666715108708,12.367723561991582
Gene_0141,64.22912801111323,54.848257411055094,54.819682561965394,26.096900341344405,57.985885430200845,54.81620972625621
Gene_0142,0.8809163944874957,0.6019895438205867,0.7000837474092038,0.8151438509854243,0.7132887990775306,0.4967327848332989
Gene_0143,11.843611405920976,14.799303882806885,7.230580352787627,10.369045508304483,13.981086125709233,12.293080771481698
Gene_0144,14.030833004893394,6.55496857509952,8.083527231358795,10.233952253879465,13.794483479950294,22.472385397942755
Gene_0145,21.990513183471823,18.08088902643482,21.182830697432408,28.109703160993107,54.176821206778605,21.379319699948926
Gene_0146,0.9601344317325577,1.0879202335317641,0.8099664508969049,1.2420637006409196,1.0260102826639024,1.069798743904942
Gene_0147,2.1052325985792115,0.6047311876441384,1.2039002236158265,1.5651326982268623,1.3654947524689671,0.9165875122897765
Gene_0148,16.047985116071995,14.892032709190833,13.273989875390978,18.157197978608338,15.814437260573829,23.455274669838623
Gene_0149,10.966209319440008,18.44122015577243,4.423967101160083,10.091782515534895,10.190563466765534,15.407095749891548
Gene_0150,7.217304904293615,10.513661927236303,8.819356800311068,15.849066508714781,12.295709278980416,11.976944235226023
Gene_0151,13.127944809702244,12.930035150467832,8.345858699371437,12.741373416093452,14.844794811691902,11.012952894670983
Gene_0152,2.2928494363834755,1.7728418312146126,1.4981581545921059,3.415231837685817,7.331544566267797,3.1978588462243525
Gene_0153,21.92756351891108,8.449797264116336,6.624724843592968,9.92918886989661,11.35783744076004,7.643070556314787
Gene_0154,19.872029625715054,9.951468430041169,10.870878701716402,10.329275037119437,9.368250061595084,13.977406438545282
Gene_0155,2.634746913132431,2.234078121276147,3.4581072614450967,2.840683800595926,3.149196422148169,3.8371722763199836
Gene_0156,305.25633557705703,173.09234367511436,122.2750961257549,133.33060767765085,74.66720578214698,97.33002719992409
Gene_0157,25.842964234468376,17.26578892636046,11.501237618692356,19.011022604117255,16.77573629997813,11.087290125094091
Gene_0158,1.4367084506010033,0.8609470217244233,1.3014412398863513,1.2495362521985398,1.4256438936942595,2.3202655535772245
Gene_0159,11.962395945074453,20.685897167337618,15.81184912487801,12.481454889771632,28.788665649387706,19.22301081295635
Gene_0160,4.358027846575898,1.9311474202930847,1.275392108746458,1.6461953644047136,2.6296096089013687,2.8110761136058873
Gene_0161,20.29784099388855,32.89569974894257,15.610978064401623,33.41797409497578,23.72020574380991,26.822286458820194
Gene_0162,32.819836510474694,65.54427705385669,22.782689386923202,42.05599736115814,46.038609993858316,46.71720179318029
Gene_0163,3.7528179529480483,1.5451462873917878,1.7606018207296439,2.1932467007508496,1.9658240107091245,2.872853689007966
Gene_0164,83.40842100867309,23.866534936018944,30.148540816369454,46.12239397932478,25.621110880634163,28.069120486390208
Gene_0165,26.608017916064377,9.139158908299544,12.229371680245068,12.132658645157102,17.268966595235405,16.671923109824625
Gene_0166,38.437069128298816,22.955432244373196,20.531421018122355,17.471495607928077,19.841700391818005,26.40224213010624
Gene_0167,194.4889086130302,141.99151632894552,87.80530668904711,132.59794689114142,128.7113926693404,99.86776502194914
Gene_0168,8.454525443514731,6.677799427881697,5.629653906624868,4.840350312156818,4.3498304443482585,6.605931572877572
Gene_0169,3.833712635609858,2.2643342168068195,1.4739007550963719,1.953931142156096,3.2254482645720066,2.5733509766920903
Gene_0170,2.7097195503445075,1.7167696661807947,2.2528430884237265,2.020684418013703,3.830244400684898,2.167179228379848
Gene_0171,2.869977711069781,2.2088727014894123,1.4759114786512832,2.7567645366630664,1.6863718817913735,1.7648078360517747
Gene_0172,8.2674726467021,4.975246368690141,4.817586846139566,7.184186732127718,4.328465620333295,12.386077584462402
Gene_0173,12.582386578368034,22.40445681605924,7.281585949820356,14.792846806760423,13.61310762608117,18.71916262190256
Gene_0174,13.16541131805735,6.70872029164133,8.831031616229955,21.10225621914469,12.890837217677594,17.445617734550034
Gene_0175,19.680871794059875,26.229044686259975,31.406814598259984,25.235018959759227,31.285160934682064,27.219863513012154
Gene_0176,9.362949043395707,13.426831140887781,8.067531488308827,8.96500696747725,7.55627173082274,5.235977187270809
Gene_0177,62.20797104709202,63.625313008577756,80.43778536705653,61.42755807171734,70.58943970717299,137.13719535094498
Gene_0178,4.566272902893314,4.557040341933386,5.329800445540033,4.218283493517704,6.360068204735197,5.694444314788687
Gene_0179,590.5069203576155,381.3396502138837,287.95640150635046,401.45799586424397,684.8187780586827,407.65422659486234
Gene_0180,36.703094392463434,17.375372715248698,15.688383562917323,17.907057452363794,12.046300719311496,24.986783227303913
Gene_0181,3.4436019669876305,2.994533719444126,1.482693268988677,2.4903614502200924,2.0966756396353587,3.3844974175672986
Gene_0182,1.1844404057872542,0.7413910981483947,2.026864480004994,3.282828652988448,1.8122607863557176,1.7186714958621736
Gene_0183,14.491750285963988,23.43918181492541,9.760350509408141,13.453200700234751,13.264443304783628,26.103951293316157
Gene_0184,8.969200469238423,3.3477517516168134,6.33805166284376,5.1045877100126935,10.185121099014248,8.537867964289115
Gene_0185,20.55314319764745,19.330330052649582,25.8560130191339,23.15904213455358,20.432954314856026,18.226779342483123
Gene_0186,17.979385501638816,12.829579920377787,23.864661849897235,18.521228255426237,17.017459709796114,14.332431770787043
Gene_0187,9.999465289838273,7.675189143587514,5.373647620773621,7.847094458743558,8.97402674720693,10.307000248565082
Gene_0188,1.9858865641937635,1.247376371426273,2.356464386678441,3.337959249528323,1.992111664886211,1.07339999266422
Gene_0189,1.0061198247170138,0.849634763479687,1.3852505109634015,0.40257776244763904,0.5018412103531115,0.8501843889846042
Gene_0190,3.243909646116689,6.740882049397228,2.88230797237509,2.022774465649067,3.812947232080186,2.874226893803204
Gene_0191,28.5297458815866,17.224216255302505,15.452061129993307,25.182673434502632,41.68751094679413,27.01622391342787
Gene_0192,14.351214263112448,10.472186017988886,5.316386747030888,15.497087894371607,10.557571773697969,10.873189818610415
Gene_0193,0.9050664357561258,0.9079803913281258,1.2954546625203593,0.7803746754293316,1.0143345376031752,1.1956907343037644
Gene_0194,13.994622798179595,10.571988151247039,4.99522576886806,4.253759341537624,14.501386704281368,9.477291164705196
Gene_0195,16.757469342038785,12.863459925568485,10.804218258929339,17.109799122729523,13.674254465922068,11.063357205963738
Gene_0196,2.964535004086914,1.57214054986962,2.0525113363131076,2.3108893925248926,1.9308046431997654,4.5566729724066075
Gene_0197,12.737128839944292,10.460640287515613,9.023178031387488,7.343727833416801,11.15843499639408,19.022676744010997
Gene_0198,15.538402904928352,13.454153058161603,8.40311794256801,6.566445415819403,11.650037146633833,6.6425694351624225
Gene_0199,1.7680394262370183,1.22011332170536,1.3045886673894342,1.0886548955400028,3.1168717068980962,2.496738047277927
Gene_0200,14.219563646598225,15.230176388776318,17.013328532860026,14.298620896310094,18.571406275023715,13.087360453391806
Gene_0201,22.751370840075836,11.289411234725693,11.81226217192082,15.542895648219334,27.824029211352748,20.79554023053118
Gene_0202,56.50480242992968,27.33905530342855,28.082163022811933,47.61355532770826,36.949726041765935,42.965617248252464
Gene_0203,46.62423447098203,40.1689892706255,26.116349299635957,16.68710950127653,30.256585832922863,34.383747826887195
Gene_0204,1.212195059951615,1.4182178979057456,1.1009900002955566,0.7919649403036464,1.0930441272243658,1.4673487064923816
Gene_0205,1.8765299379546077,1.9554430075657967,2.1750209579608577,1.4130743316680057,2.142952696407272,2.194235994108331
Gene_0206,16.784267433686317,14.144216561857508,16.8033249463645,16.215574241286934,13.273509822585881,16.18998747428512
Gene_0207,13.418799944809823,15.504598747920648,20.892355157694645,14.873573606806001,17.372036146458044,12.605177136290283
Gene_0208,34.61212008643336,10.677295110072992,10.306920398150389,22.247866568669806,20.67940004754992,14.286264418917133
Gene_0209,2106.3199941467506,2782.547514593611,3615.266140843803,1497.5978356607602,3053.325130538979,1705.2870298014388
Gene_0210,18.08754475883241,22.014603092245476,25.203015151923868,19.303852067245092,23.205593530371797,20.385183760702603
Gene_0211,41.8706724541502,34.411530107389574,46.41818697654506,52.51878122624434,50.775253868015014,33.087458151106574
Gene_0212,51.740421237308,26.066744016177275,48.38542352691987,59.0460904051961,30.43737443401221,33.31940672128296
Gene_0213,22.99694390252262,20.64598090556075,10.95456427683127,18.594736218531875,19.29195012564466,34.567811763384434
Gene_0214,8.569232008651365,3.922583675433332,3.608953986238048,5.555315240122083,3.6846735824336325,7.703629065893353
Gene_0215,24.12300629752248,21.961356182776523,16.97122183276206,14.696604034052813,45.180138226606246,26.670985327679247
Gene_0216,3.225925180197895,4.226393548045902,2.64022003166621,1.2379995031540483,2.668638762383674,2.6364736365409844
Gene_0217,5.159952292123607,4.670820279658516,3.4673345296295324,7.304757576310652,5.551606809908925,10.628509592835897
Gene_0218,8.69074595673765,3.1115561100677134,4.1076845780308435,3.8985630877039457,3.0959298023933095,4.86947941236734
Gene_0219,7.487919908941541,6.680674748676456,11.560895619413557,13.022602115225443,23.110332404978006,8.839893166055665
Gene_0220,334.1845625701558,288.8523814545258,268.8638193721189,172.48123351785856,197.7019647861845,181.08887539711608
Gene_0221,0.6948874668132748,0.41288147383061535,0.4483791004229114,0.5742986676921378,0.45258443409432253,0.58982446501914
Gene_0222,29.972772152247074,16.53118669115518,14.10718958371827,39.66055408049747,26.867370679475027,30.969193041442104
Gene_0223,0.7962032833718082,0.9493172169752774,0.46791303970327675,0.8164083108328283,0.9028140341186603,0.6352327930990715
Gene_0224,4.4813097168910705,5.4121878954579765,4.858084170521356,4.329266417309531,5.5636426459027835,4.6379318645519785
Gene_0225,49.07396731133271,30.690990763987344,43.85491855747106,41.52576905975783,74.62530626709942,39.61308239247229
Gene_0226,9.964998348959876,4.513750338372418,7.377025115926165,5.559326943115721,10.85948132553574,8.98912783765258
Gene_0227,2.507549365931187,1.9276608352688387,1.187281515520324,2.4118067848005373,1.2254949719483512,0.8120785037565491
Gene_0228,6.277430221983079,1.9983579407816734,1.2623289121669594,2.3027604529322243,2.6824542129459337,2.760234210946673
Gene_0229,22.17373427670682,25.210350101020598,13.62351278897801,26.07724399275408,25.752135691866833,31.976873368820467
Gene_0230,2.096498387263974,1.3285514753668997,4.021005767499492,1.6919153264896492,5.268201815673744,2.3865165825638215
Gene_0231,12.742751876627773,12.976466026213807,6.386634815737388,7.855166286973762,7.70691107756369,12.124780274998432
Gene_0232,21.95576881091681,5.342408100172057,7.681831458698173,13.319184448603727,13.012389465611928,7.362341848149896
Gene_0233,2.7961863418685127,3.3618756239815113,3.450395817740945,2.742116994852877,3.3647208995059277,3.616611369460148
Gene_0234,385.4496348025364,179.62446746279056,115.94264362076514,311.7558136535238,271.5201957864,201.49502573418283
Gene_0235,40.48567215326033,13.948431058218429,18.540322588907795,20.444845395002236,21.264762211525202,16.842603372709032
Gene_0236,0.3840313870318399,0.30447860758849166,0.4305538245061855,0.22313869373699707,0.31547607211935064,0.6168416583629898
Gene_0237,14.837173516276426,11.66096961196669,8.998766860230388,13.97993668893214,14.037250330041337,15.076942595776671
Gene_0238,5.712168075644518,2.7449393064147127,5.938743050009151,2.5109823813248524,3.820651045986677,2.6661988165906036
Gene_0239,30.315860964306506,30.71171634456893,14.757132249019664,35.822568588471164,40.73298962085236,35.97384027169599
Gene_0240,2.709879432762649,3.954370381790603,2.8362811362303035,2.4820966059455394,2.5702385863185264,3.0871490064466167
Gene_0241,6.6869002331744705,3.7783718133389796,5.417915244777371,4.285688969401968,5.957911253372395,8.805629461369072
Gene_0242,14.876953329643435,24.861365602726494,18.22352330119028,18.12135005371281,11.32050913063093,11.067464409414065
Gene_0243,28.520093888435905,27.129179904525962,28.3515363361685,57.27253502837111,39.69463339948011,42.75218365541795
Gene_0244,1.0823479067913737,0.9053718825506026,0.8987636466541115,1.5492528508451844,1.5896175650154025,1.2013563626729487
Gene_0245,5.784792819123565,2.914867557225549,4.395596954194027,4.812969611049919,3.8392789839896886,4.691279155793145
Gene_0246,3.6816073023437657,3.325154839734622,1.9038304471390093,5.476720702451935,3.535239892975378,9.334825456876413
Gene_0247,3.807227692447912,3.5507949573139133,3.048460426573513,3.233380378327034,2.7641957800938504,3.544416985999618
Gene_0248,83.77813263732027,97.57164704700443,104.71948292633992,121.67615954564718,76.71193164808814,108.5368924709571
Gene_0249,19.172864957285064,20.72808141135232,15.070314786780134,10.700671225192837,12.169576107597951,8.171804673813083
Gene_0250,1.8321536206560896,0.7004667971053865,1.4046186601973838,1.308851365388789,0.9096423210391891,1.974684875381158
Gene_0251,20.602894747300862,28.327599069799987,29.986136444551523,43.71745286970276,29.66062607908966,22.829088621078096
Gene_0252,255.2416200898064,118.88856044863532,170.9408183623409,151.82630025587545,163.75907192088164,154.00855374060234
Gene_0253,64.3127530573634,37.6547000188804,24.48433862908645,58.344674901153645,24.468036731159845,36.74851149394907
Gene_0254,0.6735534702229816,0.9585645187430308,0.560422175570983,0.8055376791293575,1.5912077964001778,1.350769065983243
Gene_0255,7.5547761551137835,3.0590079924642977,4.680128470181562,2.9970830328481863,5.966630352659597,5.261553928935062
Gene_0256,71.72445665279993,21.972087375144003,69.75043304301353,72.96484887281302,44.85486814071025,55.02683586202791
Gene_0257,2.6478595712692465,2.6349140713022385,2.1830412084495983,2.5671054673471945,3.1803569806961294,3.273268218010715
Gene_0258,18.097209927687228,15.91753024597965,13.372311324242308,19.764849149146315,18.68535192094898,14.019075732858338
Gene_0259,35.73778433147871,25.891373195631026,16.514240203542858,23.682702906181255,38.70806841883499,28.750429526553347
Gene_0260,2.408888095515595,2.588320670166878,2.3990855163933325,1.9777857396253187,1.650030896088171,2.195502250869157
Gene_0261,10.166501241321003,4.759136229338177,7.568487886525625,8.577148222410738,10.75225208709473,10.55023837848512
Gene_0262,0.055501583439170527,0.06807359680444437,0.09386670870902439,0.06826825304482799,0.05560393130162581,0.08919395121381911
Gene_0263,2.1403859110358145,2.2074568737858375,1.1202791536006533,0.9560744043857159,1.2207080323039774,2.1520422453214425
Gene_0264,4.236734399356073,2.881300696860378,4.142923453818788,3.9554568514092225,7.207772579675298,5.2975742431725275
Gene_0265,1.40736163187723,1.215178646533199,1.1178590433634075,1.64455474940153,1.9199976888090988,1.6581084016417598
Gene_0266,83.44635942098151,71.38111452691773,95.2228658929193,89.95391064897962,213.09985868413239,97.1087938626846
Gene_0267,0.8877086471421743,0.8195510869818964,0.7435969874014738,0.8089566065529444,0.691869158562415,0.7298028444718907
Gene_0268,7.081746671859549,4.1161017585885515,2.6958167684372336,2.7806439050669876,5.399899830458106,3.950145653564909
Gene_0269,15.96283586371102,7.542944492496045,10.74230203507715,7.117178904144445,9.115185151819208,10.764723885815485
Gene_0270,98.63347723547326,50.900250002761254,73.10573559980158,38.30926594648288,93.10135838337531,98.4727823693299
Gene_0271,0.7907861542736201,0.8412409329215761,0.5974891387022855,0.9104138648270796,0.6324406706434685,0.9473883757086075
Gene_0272,49.23390209391808,29.64347909498593,58.26693339478497,38.6882451147444,33.20451708773782,34.35651050402035
Gene_0273,13.818914385037349,5.260743561196092,9.777320685553033,6.145343744008151,6.816583359076743,8.91003007315301
Gene_0274,2.26372448118607,2.018226859607488,1.6187953415459562,1.8177899534256623,1.9901250284562357,2.047417730793529
Gene_0275,37.92890298600053,10.167408161326126,13.883357960381472,18.041377263140493,13.97964103500382,18.24173353156533
Gene_0276,14.344179569383687,11.812444790304687,10.788310193009673,20.427261955225777,13.916526274785172,15.323023761741924
Gene_0277,4.071651858015113,3.350542916917261,2.1272286874652617,2.088468692514455,4.685695221496447,4.759569278604566
Gene_0278,9.570902901134591,4.747563002035484,7.594078925741423,12.71571838771183,11.261024652022579,8.01444377734891
Gene_0279,5.5226136523202705,3.2852098604180657,1.993657367474922,6.075604734493455,7.724809208962431,4.022855957041027
Gene_0280,10.71124824108123,12.172498235665568,10.452790698223245,7.590288886130015,11.379292254511354,7.485905042789604
Gene_0281,31.57570433173402,14.432991721140757,11.454748139805396,23.20779594157117,15.87742401028866,28.721507519561566
Gene_0282,136.0190948354922,67.38175411870002,114.85924893326447,76.10064233101369,137.66310142024125,143.80766928924348
Gene_0283,1.1667700304526039,1.2873236136640345,0.9587710290340725,1.3354987023627678,1.103515628283229,1.2257558738203567
Gene_0284,155.5456932533816,222.5690832892442,155.9766397894947,311.87760589275547,272.9931872906627,196.74852938612432
Gene_0285,0.2916403390770053,0.3559649387072015,0.30035337303033105,0.5188562685083447,0.7267009701789948,0.716561349121316
Gene_0286,8.771248138409547,4.77665076615614,4.950888121453397,7.502425178820909,7.7376652024897705,7.994831205724465
Gene_0287,16.41548649441656,26.57197512258121,25.07049099558191,17.179287959031388,13.071043892208124,23.763529735194176
Gene_0288,7.556287389641834,18.427203540761877,4.897875248571215,7.897863328613393,9.80404817685668,9.198297108153524
Gene_0289,4.175706900497193,3.782096406703312,3.9067140325808714,2.985393945385208,4.9507807347675,4.155258585819236
Gene_0290,14.621248384897855,5.387505048860592,5.489734822745745,8.500462101971085,5.893505882252279,4.777327274287058
Gene_0291,4.506120953324169,2.6877091316625137,2.252517292163546,2.4416393954359608,4.1418472604578875,2.930280236767802
Gene_0292,5.024165933299421,2.3105598811446235,2.0279297201323727,2.434514883417529,4.394577600587464,3.2114640121651905
Gene_0293,34.66433376338968,30.01891558446995,40.08400341477118,30.04225595469318,37.340227552382494,25.880009809464074
Gene_0294,15.683601762987218,13.897556322623815,8.719199634353794,10.282549648184135,15.735737519111076,13.788692066726934
Gene_0295,4.406663873176275,3.8643191563264856,1.6960240838000522,2.2551128792243587,2.814561069191516,1.98009859104472
Gene_0296,33.41740291749075,33.62282548534601,36.75412482703281,27.457564250189233,29.736359047699686,44.33836038474535
Gene_0297,16.24729340746703,7.247782181923993,11.895633831710658,8.512924312862525,17.37600370378241,19.183694814854338
Gene_0298,35.25339652527794,33.29968005274768,17.31497595182955,20.437635537230847,33.85664426370856,16.27932595054997
Gene_0299,19.901109553207352,13.676723865949393,18.598613579403622,25.68207028006007,20.166533856206186,29.748720562298903
Gene_0300,3.6725254109899947,1.8440909155645457,1.436828080592831,1.5755714076351877,3.380124034837429,1.9506339354428293
Gene_0301,3.8728856397037514,3.3382904242404883,4.069951744206059,2.1612532362015364,3.517636914892012,4.8144731509244405
Gene_0302,23.126432320477974,40.057302038708144,28.5885983954575,20.537538743915324,20.130035101458937,25.925109557766284
Gene_0303,27.750884430321765,45.56779833933626,19.862102945173145,25.165235663977548,16.8547988839254,21.73651548453866
Gene_0304,6.9996949836569575,8.342265749981413,7.321404719403623,7.388261985716597,6.121435244870538,7.908386940719609
Gene_0305,11.372575303691125,8.09869076518453,13.708331629365935,8.38914163853312,9.309536435893538,14.797161271680157
Gene_0306,64.1049128500107,57.25525127561739,46.06528021566012,55.70814906252594,83.37811419377822,40.42411286831918
Gene_0307,5.393372830797851,3.8559209262022085,1.957634707902135,1.9724021056438232,2.7398018230805152,4.262264272917031
Gene_0308,24.77450007599692,14.80723791339342,17.62193669929347,21.314321633284187,20.36789788018964,27.271730187398017
Gene_0309,6.930710225216905,9.07882476857089,9.357530497136962,6.699701591368399,5.137031819601489,7.896491648314517
Gene_0310,8.719548375205788,5.546514698573621,3.606387687888821,5.1603639448997045,5.652832295438835,12.49955932426944
Gene_0311,74.58854196958929,43.300255255944926,31.607130114167113,56.841351917046154,27.99215080238167,38.25547813891025
Gene_0312,38.5604436535313,30.222060094879133,26.48860441961548,19.889603336955705,27.350485572691642,39.65121102272761
Gene_0313,32.140907629406826,27.588823981875382,22.59546636851535,38.434619695589326,27.08348325413531,28.310783757540648
Gene_0314,45.21490100910899,65.40316725144625,35.77264232160388,60.03260110698975,70.60322490142838,88.50380574073576
Gene_0315,7.090323898511792,6.153371431308773,9.793504923174881,7.544821557570642,9.348924074469268,8.881803061908176
Gene_0316,24.001621857540968,16.879658469236144,37.810920281540625,22.360339294960955,16.447657197453953,21.356843833190197
Gene_0317,4.945635964002344,3.2388681117986304,4.513602370741281,4.9172129253125965,7.364201061714954,8.014296797811246
Gene_0318,14.540203933041223,13.313389035617773,8.403811269470484,18.96615080361835,14.674505506167742,12.104611155020132
Gene_0319,7.913259385401949,7.456877007342621,3.5034687341923374,4.816767867581821,7.3970013980349,4.644915641456378
Gene_0320,12.821983178280734,9.520964271280794,8.470106018670393,7.441404677608127,9.771895597313877,8.544137734587556
Gene_0321,22.608936863769575,28.9553096122934,23.04744747831278,26.949045028986944,17.710886942519295,25.36197340773881
Gene_0322,3.2071376070250883,2.0994186957038905,2.2907415424009474,1.9824430556877333,2.6505864173378484,3.8385171025219846
Gene_0323,222.44560455274262,202.32468035983425,156.25918094604228,244.46259041250784,225.43427934335938,205.76304634874688
Gene_0324,1.1561474542213586,1.1435460333964378,1.2558953140752553,2.977625523442336,1.1092414999320679,2.8327233632509228
Gene_0325,1.1545097817580643,1.0338167080339071,0.7903528992890345,1.1600928311491085,1.1663276566877934,0.9287368188068114
Gene_0326,51.45457622205715,50.224249250254985,49.46414144665332,56.367709291632394,44.58749538288728,42.905189714222644
Gene_0327,21.570895551436355,30.35298907591817,29.23252066797541,18.759641105824826,29.997572168088237,25.938465618690454
Gene_0328,28.87331188868104,16.75438418848048,10.871199811268607,25.86578805586241,30.905811954533107,21.25553681663768
Gene_0329,38.41710770087075,18.02408310071569,28.025820362185065,22.035767215460663,17.249225562148304,22.70424929414864
Gene_0330,13.383435105142004,4.4679873147304825,7.905095018899153,9.150996508688408,7.163599045651509,10.419808396657627
Gene_0331,2.3090702199420887,1.6781298819303307,2.6849258736684267,1.734585148289118,1.891044718717517,1.9649796941310478
Gene_0332,16.571494792989863,10.501227044176396,5.077021630463732,5.5052559800774095,7.463465034870514,10.076650981595959
Gene_0333,3.5809102566177025,3.0878938695508036,1.6293260609806817,3.4060542442150936,2.764535732517346,3.0818377336089258
Gene_0334,36.903749878890665,36.00110534024032,27.984340640465692,18.8023170656784,46.09440122415609,28.211174240794392
Gene_0335,6.3101060843440635,5.84166792255425,6.3211777238459925,5.897510048212714,4.953203342335948,6.68669306119106
Gene_0336,2.5037075635324695,2.084530140837836,3.367998784157952,3.1094013657631563,2.7923115109365124,2.3951883385925123
Gene_0337,5.197758899298746,3.6345860335412543,5.172733102516245,5.289967035178224,3.139682865337276,5.069299225319565
Gene_0338,18.490949717999165,16.439977693984634,11.707727361702284,26.956418462786665,13.300039570981184,16.17926588037735
Gene_0339,4.2603219175882945,3.4951468062398026,2.1386155751518383,4.722164960938064,3.2947741051085786,3.7883128177221246
Gene_0340,2.7575499122414215,2.422852067168342,2.8557253165076246,1.936382121499509,4.079190396636345,2.20733603209441
Gene_0341,15.539289574812472,8.832081256912767,7.313891413343614,11.752268516933038,11.244300227488809,18.213275615498944
Gene_0342,19.519287883183132,5.430967560670514,15.952996928543374,11.513958730204262,6.320814286324161,8.770652351684827
Gene_0343,5.877966315660091,4.66179877002298,2.909339634639485,2.3519709151976587,2.1742630790259256,3.24819586769504
Gene_0344,2.9883832164283772,3.066269358888017,5.388534454155345,3.0091099057693507,4.222480052032192,9.798576784039357
Gene_0345,6.2255259291477465,7.845283334962678,11.768312955852178,9.681027961068832,14.425210294715065,8.948474042555791
Gene_0346,1.426079143712969,1.0066092318803823,0.7411376745082143,0.5002380433917989,1.0803461219144286,0.6547856200940648
Gene_0347,0.7599520716845828,0.7724954747152031,0.7023255124919652,0.9933957395674795,1.078797072028877,1.3020668442101944
Gene_0348,3.009167334335722,3.3567891557234604,2.082809260781259,2.554696859832315,4.086883811491385,1.5746030868380496
Gene_0349,4.833422091945563,6.268903021531418,5.595599939663329,3.554742253417165,5.231631261950705,5.836040787667192
Gene_0350,8.780440497522655,14.042696951263615,11.058115369147542,14.555175924665456,17.665361471962417,26.17786865804178
Gene_0351,101.72087104816487,43.55035859674848,51.859969225541384,91.66288969888384,47.47489703739051,49.618267830115094
Gene_0352,42.99119566361324,37.365318290475855,23.346715149587716,31.340814774362276,23.37755357190286,17.230922841350857
Gene_0353,6.258236553218238,6.105180602012535,5.459305575331731,5.773007692218397,3.8757958198339475,4.328163701453353
Gene_0354,4.224590615305194,6.242388438405618,3.478188956462549,9.3860992324361,7.582123654747976,10.97685624743425
Gene_0355,1.7844174053397552,1.6651127162446817,1.728601450012442,2.2047045681399573,1.8572535600133746,2.687051482278879
Gene_0356,10.345284969993541,4.0960784954477285,4.913419878510676,8.625930343043066,8.526952009528516,7.194085118592223
Gene_0357,3.935736106437948,5.260774242995048,3.110142684348716,4.095749884517023,5.597657885308348,6.867370507675182
Gene_0358,16.213515365943998,8.550046430415204,6.629509503353596,14.258875090189527,10.40808667878508,21.241566774540708
Gene_0359,2.721872301771475,1.3826788653781887,1.1441272496732353,3.3471834665591893,2.313710607460308,4.263809583857792
Gene_0360,24.521899637988025,9.904432070369475,9.835927998447676,14.73686989615138,11.781812145575792,17.46021225846863
Gene_0361,97.68439668081173,99.8416276767383,54.60133679669953,151.2314776020522,127.084000623525,43.097818215360775
Gene_0362,5.999633925058322,5.046783373217395,10.344901630562413,5.8678714503776135,6.570192838591487,5.728201578199964
Gene_0363,24.736957822905115,20.766813785261004,10.574653559580058,14.918635604634916,13.365449417023488,13.86450316733439
Gene_0364,25.391550862676812,17.2040681119548,20.129719459965074,18.611725117966675,38.423502402494066,22.473568127575735
Gene_0365,5.138377099142617,2.355215498869172,4.186939308947858,4.7373220087028205,3.197171651643525,4.466553097536318
Gene_0366,10.003326571439313,7.183966846422678,9.86619790863009,6.711306698244998,8.45902413515517,16.888157257076134
Gene_0367,8.437307875610866,10.594154773026963,6.748443236446754,6.996412499149509,6.213931153894028,12.884469216538033
Gene_0368,8.396648964370499,7.928112758794711,5.482615688144024,6.747683384978989,9.611150754297027,9.486005163825025
Gene_0369,2.816122295256279,1.9091716571041657,3.2851748338517677,2.6416620530588153,3.0245007638300043,3.761569562763798
Gene_0370,16.39599610783955,7.810281872922262,12.092440897533596,11.306987868964129,10.973015579688814,9.962909939741008
Gene_0371,13.226024660726457,17.605345597477605,8.635279784794587,20.720441996384587,38.68172476169848,18.56271035768272
Gene_0372,51.38808581733111,88.46485741555989,43.95485647907016,35.00668556769371,38.04071005211417,99.83154135209801
Gene_0373,61.99270378307993,46.71785069187089,26.275039500397344,62.91902555601491,42.875396097512855,37.16574017042535
Gene_0374,224.46862512198376,162.79852899492977,128.26117714567158,223.33639319287346,181.16455148693933,404.2051554419225
Gene_0375,2.4473754216848076,1.5247564237673128,2.4953390341360033,2.0265814719367734,2.2475153991179377,1.77226931771667
Gene_0376,47.8088955294697,23.45565769452646,20.159095538831796,31.372784669365533,26.03184365572471,27.350510811355424
Gene_0377,10.382147104717497,10.214083323049575,17.08474760643578,11.225538563310012,8.492244501178737,10.933843199043588
Gene_0378,436.7088272046859,143.4873742922404,258.6627945350439,176.79152981577747,374.96514621033475,262.7875016673442
Gene_0379,3.4476391525612193,1.6017193128479947,2.148953683508341,2.5529486595422743,3.2446678844958816,3.753715833353975
Gene_0380,2.3182281701002414,2.2574230662169197,2.6173684363825838,1.9126639460623558,2.4209190923656982,2.43002898856074
Gene_0381,7.35119478384961,2.8776835618336207,3.843323329998147,2.915157619062024,5.170590949592032,2.2911357542095057
Gene_0382,0.32601929783989936,0.29959187041551494,0.23660302335282365,0.2721489176462955,0.22249936127588946,0.4591933584642772
Gene_0383,5.3696108522794175,2.597343501227652,2.4112820519246756,2.3914204898102747,2.5829370839750982,4.916813300451414
Gene_0384,3.3129801826866156,2.1443813990743155,2.2219833773587685,2.705734486827109,1.4115408597108274,1.5427228352021405
Gene_0385,17.51175599193631,6.814080014099015,10.998267943914415,12.079405366918706,8.606670530468634,10.796855774855867
Gene_0386,25.2252804094772,15.648323902087306,11.798924307727981,15.759139749568622,14.848736087615773,8.93876051424089
Gene_0387,159.27254644600856,163.2856930325757,70.44368511082165,172.5272665001038,145.74886825231778,117.87991652635986
Gene_0388,31.386245514332167,17.157745836931756,22.163453814427996,37.086731951776535,36.863044996181635,27.37413527096278
Gene_0389,4.56946220803434,2.2852183637577843,2.7901878996784863,2.9012692773264757,2.335202696300663,4.628484284538302
Gene_0390,2.0053582876532428,1.1901621302965668,1.7217386019313516,2.7036389053429875,2.8013337519962054,2.3215441946384665
Gene_0391,36.185348210865634,12.348590194631239,25.618063137693813,11.256491127195138,19.039927864668847,12.268156184327086
Gene_0392,1.3598442193886324,0.9658846361962525,0.6172445936535409,0.851948015017806,1.4569390618123155,1.5503419174823274
Gene_0393,132.2046423898078,72.45494411645195,123.04143948628379,94.46690706566565,74.89826481072049,87.51865072344519
Gene_0394,58.634521819133816,31.921270118942495,62.14997385450472,65.59493317996828,54.564236922566536,55.86845102149536
Gene_0395,3.1231996176378543,2.6266772268233685,6.628163246985397,5.3089524236972485,2.934914077934863,3.3429004930399184
Gene_0396,0.5409509631543447,0.5845860614476369,0.45961562487705426,0.7166349047316446,0.5757236306112655,0.5917923899700687
Gene_0397,103.30565245504245,55.828371371990144,59.85312716954121,85.0049063717219,75.784156893508,76.46975520276789
Gene_0398,6.539634704027567,4.866326262115704,6.7718520923468155,5.2316507195494015,7.332302172791188,8.494599188912709
Gene_0399,44.230320275081844,48.44557752134376,46.01766162266664,57.49077268897961,42.01529430142007,82.4853506916017
Gene_0400,1.016244223156447,0.5571196847670593,0.6019151653971269,0.712573395673239,0.7764769561991296,0.7698865767390803
Gene_0401,5.492634823403744,2.6915339098622244,3.1436557242679197,4.243224827878226,2.177653887742393,3.848479921035818
Gene_0402,11.826123052586802,11.948090824886915,3.1958337477644396,7.8744216114134895,12.057863218245869,7.624371348743261
Gene_0403,13.681500012434608,11.510728707236636,8.924033418551373,7.731550929288586,8.547654457038353,9.775442521673034
Gene_0404,3.8367383821982406,2.4736573081164286,3.583756125912463,4.842813262176314,6.0329614166954375,5.010587267834872
Gene_0405,15.713041845611421,23.426431805520167,16.13819323359753,26.77442403251246,18.41354657061116,21.31876060122633
Gene_0406,2.991362027696152,1.8453309675541423,2.5251091722680084,1.3342739063359539,1.4597537942263605,1.0123250661216503
Gene_0407,6.933648686548454,4.106709547653965,4.470976541938464,6.4136563844425485,5.440908031430046,7.695821825625802
Gene_0408,10.506067027713799,10.987376973896733,7.193493483021768,7.051446079911914,13.198020484879711,11.526138980564303
Gene_0409,30.474060717124512,24.62366942144107,26.64977014021481,8.269395425867444,14.81440668399488,15.216977241744777
Gene_0410,32.4938447723789,14.899523023588722,15.355292599653307,24.97515829344774,29.89144068986578,17.06298890800644
Gene_0411,2.0068424243326897,1.0084921971306655,1.0635991285588071,1.7968406443463014,1.398041559152502,2.485828806207158
Gene_0412,1.813191962298993,0.975112440824466,0.649454434906964,0.8761396724281615,0.4689828782805872,1.0010684877638212
Gene_0413,52.99614227081659,52.91221139419869,59.28710692371892,30.629640182615642,48.53048904407609,54.74009525484804
Gene_0414,20.564831666653905,13.937516399711699,11.875388365722769,11.983583182213348,9.791452210644946,10.096276305035717
Gene_0415,3.1303145429569836,2.5860129431562955,1.4965147052818475,1.3526793418178962,2.7849007635702856,2.1935720032290233
Gene_0416,105.01098951925289,82.6493586909315,59.18887950457144,124.95575961954303,60.72629926762706,130.62238488399385
Gene_0417,17.79311952780661,5.733009656438549,6.7191516578064,6.944965668384503,13.3041459159763,10.693285850137729
Gene_0418,64.589758612406,57.616639916520974,38.839421396990424,69.12305451284328,48.34652009021888,42.88727561246377
Gene_0419,12.299097745411451,11.277674293783233,8.522307209310416,11.885986144604873,8.888605287672085,11.122721650906659
Gene_0420,287.043407033371,147.37420868449556,169.05766974053438,135.81127491954095,226.93434729017346,148.6519921934694
Gene_0421,117.95283068941255,98.55733933723462,55.360371457619515,80.11773452044682,157.4258528549255,188.30626244581498
Gene_0422,5.060929878680576,3.1201836175046442,6.419834619978466,6.184129784631215,5.79673819830314,8.910224681312027
Gene_0423,29.685925008771395,35.956259238842655,31.399229799121635,26.960711356144365,28.868977179890834,32.20719018335489
Gene_0424,13.803418893584265,22.428926384567756,27.03358068662906,21.95798320753165,13.10041969589301,18.80773780331523
Gene_0425,136.53334016677522,54.869649133105725,60.332028674127926,54.51198114816737,53.72635360035602,30.640200753650426
Gene_0426,1.5974548744093946,2.3645580712454026,2.218137722590191,1.1147038238843365,1.6556974883187094,1.300756603467082
Gene_0427,24.76572059045492,18.16550282087727,21.8171654763606,11.59133968371539,24.482673270286877,16.15196602708143
Gene_0428,42.5786136462369,41.58289202915156,49.658061348570115,42.349789934262176,37.369837457290004,43.94765878483975
Gene_0429,0.7414645993648975,0.37781969069795535,0.5667835721231604,0.488578513143024,0.7445627765361964,0.5592415317982685
Gene_0430,2.047445164270373,1.207699017873643,1.115601744788307,1.161261299963027,1.194811554087966,0.9765953438787163
Gene_0431,0.5746771579463865,0.31966419696195236,0.6291021927900804,0.4677750977756923,0.39094461107280926,0.37217468216703076
Gene_0432,5.300100997924467,5.125112368190903,5.907703449713901,7.677115474542252,8.06760943115598,6.701265658426654
Gene_0433,26.38870900293111,18.842701119281593,23.619980700543135,21.86465537650345,27.539798479105496,29.650254498815123
Gene_0434,98.00994205999764,65.67800727523421,44.00488000069485,69.52437580624789,79.22528822620323,46.45295193549492
Gene_0435,9.80893978291639,10.274104953107397,5.146444917812639,10.501378524534829,7.903692584702406,9.276354602873052
Gene_0436,176.24698778929232,72.42592913682532,85.1482833578185,61.9398717183712,80.61825618066156,65.5443233030084
Gene_0437,1.382508576477302,0.5590843111724135,0.8932939827290796,1.0910223420367178,0.8281467258163202,1.4264258957070632
Gene_0438,0.915897368789406,0.9422089983209491,0.4379484170458437,0.7414211871515042,0.5595600154497629,0.8478731734769039
Gene_0439,10.615361945042894,9.992002275960745,6.50538011950547,9.125466032447143,9.778141460582884,6.062218389267791
Gene_0440,23.924419900948738,8.663247828659257,19.42075880571284,8.047760216099402,14.101806644977449,12.19578173910521
Gene_0441,9.506955658687904,8.402594647592295,7.950500669003563,6.128026476148308,5.380585434357995,7.151937384587993
Gene_0442,0.2883865894092639,0.27765241429070353,0.21657693876918324,0.27962085858813657,0.6479503965216017,0.19746465981317166
Gene_0443,9.327674052490577,6.793976635005886,5.734631972193204,7.290757740589695,8.158666414942697,8.347114522181263
Gene_0444,1.099271888321866,1.1076418691472965,0.7523618318927067,1.3202757010304866,0.7850435830696252,1.123274303511784
Gene_0445,22.036125582108255,18.262628411625393,16.47518207655071,34.59964429473742,20.261557532303463,31.511950920696542
Gene_0446,19.54199880942009,9.829990766189983,10.375725103295174,12.082150293177959,15.179328148532138,10.75294987522555
Gene_0447,3.3482057380352366,1.4243112024413154,1.4341078225595614,1.7010233270540058,3.4498445653356544,1.7493581622042298
Gene_0448,4.403239221789364,2.5218994678889723,2.151822798264744,5.282622635630721,2.8109910683347916,2.5397040709817023
Gene_0449,2.1182472561817476,1.1414545612698919,1.33181090177212,1.8048441683949756,2.3181354123822797,1.3030374880418039
Gene_0450,14.345053763348632,6.401281421381803,5.214563305193205,10.768209876581947,11.73526616318285,5.507948745960571
Gene_0451,42.59337796770003,24.255801099141408,11.793342265372791,36.95324029842007,29.396876206905127,48.73079175795213
Gene_0452,4.705232675247084,2.007112005236586,2.8603924095025755,1.3029063212809562,1.777002707564276,1.5947833496068327
Gene_0453,23.866648563662004,23.87695923543088,20.012497496664466,11.547312464971089,13.222874243179817,19.07022081776665
Gene_0454,2.5171922768650274,2.7217305928771434,2.7329446073257997,2.2921296275059984,3.59788602649538,3.473594967844774
Gene_0455,3.6090789372843677,2.347104467852435,2.0750655638530993,3.003047955487788,2.5509988473262695,1.7943748565964726
Gene_0456,9.030080980773661,7.099542309355633,4.061752129728938,9.839008689254712,8.794448652642727,6.985033951233267
Gene_0457,2.9471001957731193,1.7496355742884682,2.3857407506833153,2.981023252260277,2.486715555346536,2.1851250020823874
Gene_0458,5.044203726652483,3.199462886322427,5.219329441204891,4.539328518540363,2.9501866826301013,2.616934892049218
Gene_0459,1.5044174182452357,1.4868476564549675,1.1780347256591377,1.900954617786203,0.7786114561391477,1.8234357906657765
Gene_0460,124.78067401737707,157.97435512502733,175.52880777873057,129.46418194843963,160.37029637610078,127.35480649339348
Gene_0461,9.364703833766718,5.218797057585431,7.531827026106287,6.027257144225575,9.754491201028028,7.8680139246500564
Gene_0462,2.5651448828630072,3.26033151741616,1.5889134058102157,3.653760801692574,3.196345967880481,3.5410461110483573
Gene_0463,10.952548741802245,12.907744016645246,8.25714708877837,12.636577034426555,10.588188843831166,9.744904559380984
Gene_0464,9.533775475356347,4.822017551101883,5.958046144273303,7.057301070606295,7.43132952899596,7.371239717880878
Gene_0465,11.204061111644258,5.210090763723878,4.245406473991098,6.521331030743054,9.582612623185584,5.634699801930061
Gene_0466,26.746693783859357,22.129666264076807,15.947631940482486,22.388045891116082,23.868068718417284,22.530410450869784
Gene_0467,20.578688599408956,20.991922996757847,20.54254253714156,37.02998830350492,23.59470365800299,13.15557145369095
Gene_0468,4.876308305853727,4.467424277418714,2.9851231817679063,5.382028835528894,3.2902388517548484,2.248243521410481
Gene_0469,5.708871936410451,6.1478640512818306,2.9025987890952107,4.014288819271727,3.3942681125662078,4.374832620994013
Gene_0470,5.213476682962215,3.752029786035801,3.263816506159691,6.899747191883124,9.163385173360787,7.794219709900058
Gene_0471,0.28755890945590196,0.15008930389976366,0.1730230756448038,0.29869224238895453,0.2538274097848351,0.20779105696386138
Gene_0472,0.9786112785026391,0.8097978022924632,0.47496907168221497,0.7255566998828937,0.8676614554814271,0.8259759857902099
Gene_0473,58.06721779848146,69.231120382665,70.61992650332321,78.8543326320051,56.962238047161904,73.22469278485364
Gene_0474,135.46252858017388,78.95372990212559,42.49616223041809,62.76668917681931,138.92271974860597,125.23880702749165
Gene_0475,6.277180130978891,7.637684375319852,6.594126491959652,7.636465478202255,10.497827648011556,3.2315059899641745
Gene_0476,25.468809269436534,11.403542240716956,24.395447754504904,13.420723184948999,23.029835879240963,15.702640621477805
Gene_0477,11.558105182962814,14.089377491535103,9.873726489804648,14.054430355764204,13.852674669986245,12.4523198393703
Gene_0478,840.3706818473738,606.2141410958834,314.516446857377,635.935079064987,867.9440817510539,1079.3008960293466
Gene_0479,62.981191508068804,64.44718585014012,32.61021171957672,51.198002525328825,22.216640019208047,97.875575323618
Gene_0480,6.9798890900997135,10.767674500837865,5.48778464226961,6.607910560101918,8.744632644240408,6.649405252195767
Gene_0481,3.7868625547528696,1.3598340742864279,1.193829439543495,1.1955233121989577,2.103726912268784,1.3490513215426783
Gene_0482,0.7536697711223248,0.5466938645633344,0.5217437485272789,0.8243680921479686,0.865545238428238,0.8744295596493543
Gene_0483,13.726938710222106,12.600571187032296,14.554646608231064,9.227061896655204,9.286186966041294,17.397033633179607
Gene_0484,4.022929994350512,2.054443508466901,2.6607507357440707,3.3876597858588826,2.427611971508551,2.8653303202289453
Gene_0485,0.7318857002224023,0.8383382633175224,0.6082960963312192,0.9582357921118319,0.8869942161839863,0.7783572984117457
Gene_0486,2.1141596181418403,2.7412870191543934,1.5912457602163927,3.452464850222486,4.364042457089245,4.359443345904584
Gene_0487,1.1814475926446424,0.7964797075814618,1.2131606761613536,1.1980901701608122,1.4930503941461752,2.0782936579883255
Gene_0488,173.5120489655942,89.7682594081118,79.86452027269202,85.13466008566273,198.7965176555846,79.65411667057454
Gene_0489,30.074016251467818,21.89397814677508,29.51727470932333,26.448236963193544,36.17938889477928,36.29546639809662
Gene_0490,20.130985264818968,6.115181908700785,5.703627112249152,10.333315997257845,5.709363052839122,11.496311312655408
Gene_0491,73.50851784589823,101.86782449902509,72.74952411357563,123.15587022543973,75.04767275691529,113.2150085421172
Gene_0492,11.225379171507827,5.527693934509775,13.602518469541632,7.133645484999397,7.824979783375963,9.496499804188
Gene_0493,4.126650428330555,2.516088666743686,2.3782865428742364,3.0693002297896155,1.2050609963822398,2.128580624934908
Gene_0494,169.57127538474884,64.82345917470673,65.62231773045622,41.434105524085716,134.4642851608419,122.44644891612798
Gene_0495,39.39250218589124,14.807108067669684,14.397811385367156,12.685120611850902,23.478357895276893,13.465386566057951
Gene_0496,2.8673836606964542,1.9192081184669503,1.2850339162256803,1.2799470215838529,2.0977475878328926,2.076139326395185
Gene_0497,9.664603625059778,5.972572245987412,7.2597147708462195,4.051393240965344,6.691809453662034,4.298600543972378
Gene_0498,3.037667844259477,2.289713829395954,1.5098870849166863,1.3523144866217396,1.5049182492938147,3.1930961364198365
Gene_0499,1.5009047399240483,1.2055382250986149,0.8633142650165069,1.150298568231766,0.9207989974938917,1.00319736975932
Gene_0500,32.15828019075122,26.06371537803743,27.61287019796783,30.428128737401117,43.75350753142721,50.635191166708495
Gene_0501,129.7260157832737,104.70263300941184,102.23212740648391,158.8988817415496,108.36771144914329,175.27467375936848
Gene_0502,1.1593919212717856,0.6358922213067479,0.5510472383884929,1.220928825115497,0.4864549763899801,0.7334382212346873
Gene_0503,20.908542930393562,13.033213988406114,17.37448046682046,20.37809213869515,18.413669210932156,30.773308121968004
Gene_0504,3.1106356405785087,6.549801862890282,2.507763295302318,3.712429652751322,3.0595875157794947,5.176945685779018
Gene_0505,5.612450976978563,5.019780079669981,3.7925565717633423,3.814363061775283,4.2492911350904805,5.412999591264692
Gene_0506,5.179766800445806,1.9674870692570894,2.3749711864748146,2.329450850184446,4.335062097012676,2.8228253323681947
Gene_0507,2.6572593475907564,1.3204159278167034,2.6749120968480455,3.0394590507730004,2.8068611124421436,2.1533293501415636
Gene_0508,15.844157589966299,8.91747277956192,5.60358511072967,7.289028395928436,9.847174994846922,9.691179358411414
Gene_0509,1.9305934659671848,2.431296343838883,3.257119429823842,1.7563141704866185,3.486873431590208,2.0082570885012174
Gene_0510,13.38783904190279,12.692619903629652,6.019779130811783,11.503269875596649,8.058807014144007,21.503048818265675
Gene_0511,7.073500654686351,6.164619547908613,7.1615765041925705,5.703733817405794,9.141172030687278,8.354048716002652
Gene_0512,3.774909105525651,4.828867543058635,5.462264340428824,4.9861809254542875,7.144270213561715,2.6788270632135616
Gene_0513,2.3646018599102216,2.029295502110145,1.368402047301016,2.298351528994457,1.4971406402954253,2.447988754615344
Gene_0514,3.8384863586588787,3.0996252942872524,3.240791108203057,3.779784441527043,2.272210280349866,3.271345294249096
Gene_0515,46.241659915088285,11.44974034274629,30.89513485221764,19.18366766998355,21.03263814943015,26.19096206949264
Gene_0516,24.224842267962046,14.19807252337256,7.38895570689271,14.811229241102694,14.72702993917034,16.372375467357777
Gene_0517,1.6050749371892838,1.282633681685984,1.8187452836312774,2.576130560202847,2.4509218028551305,2.53599630094587
Gene_0518,19.143927966321627,8.777856199013494,3.7235350366939417,10.894302536415626,8.17767639556868,14.009144737085439
Gene_0519,42.10431180190559,54.23512228302524,15.658869970237605,46.521829446361735,20.2255641768215,28.985686927010068
Gene_0520,0.9206095713288422,0.6549521518011808,0.9032989398037584,0.9420018754101095,0.5764729769576812,0.6369298483513771
Gene_0521,19.962478145067223,14.756028454362863,12.860517540991367,25.755537825476267,26.773195438842787,19.248721583839025
Gene_0522,2.6247665280436343,3.5017930506975983,1.7639518405757466,1.9739275781629373,3.1479410427411496,3.2115374110166792
Gene_0523,19.90548515928212,19.51873345479376,15.031875321736335,23.935855489726805,18.89493550175292,15.958227246990939
Gene_0524,4.172415859756439,2.5903938703952116,4.01139656126068,2.5332439641943547,2.608775211527624,3.266095974066085
Gene_0525,1.1105019281155721,0.5743032869690179,0.2610165297038652,0.4573546105020783,0.8328232679132521,0.6606672738816171
Gene_0526,1.3078947212871905,1.1575662467610301,0.4303956631007591,0.7403830447756474,0.5890207028474659,1.191990066673023
Gene_0527,8.777853952994395,5.493311244247209,11.415969501784465,11.542228304400751,13.511634583344057,13.511455406373472
Gene_0528,9.978750503366465,12.211079568528564,17.47114633497804,13.875916144935708,13.323159947370154,10.367612843998295
Gene_0529,2.540981176100106,1.399732362479207,1.6924073431448832,1.6004812703320486,2.079589411177095,2.8417501002670886
Gene_0530,14.499530046620468,22.091939365697893,12.18041289461099,26.336289533840898,46.755414422408876,16.901598333603868
Gene_0531,0.8619393078518172,0.4505817643500148,1.051406972307104,0.5525369886804787,0.5105836926338693,0.8792421436541431
Gene_0532,8.193645263533515,5.733582670731955,9.903312560517652,7.816264021208304,6.900168296916146,6.690586661338319
Gene_0533,1.336994399990205,1.0678198552211948,1.350960850477819,1.2005648281105405,0.951721867000733,1.0318004165247476
Gene_0534,2.204706245311293,3.617058691616514,1.998069405894577,2.8488272512603103,4.240815804517376,3.529177924613696
Gene_0535,11.845373847851286,10.148284389097629,7.171002678478234,10.9276071748722,15.098960721694318,4.15176435094654
Gene_0536,2.2173860784205988,1.35843739442022,1.7770029538750254,1.628473856968193,3.846362953888427,1.403392893324775
Gene_0537,3.7394965601057635,4.0972550204976725,4.2041761753285245,8.142088030889305,6.869714429440844,4.593878418772234
Gene_0538,18.074821810633228,26.23870426564041,47.38927460559089,21.187997147758406,36.122802043212694,40.00391258615582
Gene_0539,3.9478340392608193,2.070481207913644,3.714126756594716,2.8453422148860144,3.195875686226829,3.2500555380941702
Gene_0540,56.37202399167811,23.54947149323446,17.184050011841496,31.655857137749592,17.974578684358413,18.812335506956657
Gene_0541,2.859300007361473,1.201493308410691,1.8814541026101264,1.7701343080783492,2.8661595752011544,1.239710253207166
Gene_0542,18.25313324086243,32.897331271581464,16.48254912721957,17.372439379255727,21.588719185227347,21.474680397383626
Gene_0543,68.61071190117049,71.0164261092354,72.39440036943802,69.09325930219524,63.53157888317707,89.27245470488835
Gene_0544,0.2671152372406391,0.11647464430935132,0.2582445670627296,0.22447739471559308,0.3096605890057297,0.21065613532527488
Gene_0545,2.1210279322298633,1.8328923547823162,1.4693782110587936,2.283382119518027,1.9147728315442165,3.693271945570827
Gene_0546,24.60390377878421,23.1661811177965,15.93498172227916,29.191688378528678,22.74547055387991,23.09538509150817
Gene_0547,8.775952972211487,9.900993227673176,4.2616305242435795,7.671852496913855,5.932314311650059,5.083503783076762
Gene_0548,23.844608594649387,7.780294117058528,7.389183680507568,18.336389293170246,17.905235928128086,13.837381221774612
Gene_0549,3.70890007458457,1.6499009069645072,3.039495345597656,2.4461042548589162,3.3592622659922142,2.2886632029295164
Gene_0550,10.13041126327055,14.322683785488543,16.395516779864654,8.992488429654994,6.242480015969437,9.509093052741202
Gene_0551,5.753732247187282,6.385557026015398,3.089833195002164,5.851311465928763,6.861515163860341,9.53452911419239
Gene_0552,42.536747359913,31.876070851840286,38.69247717385207,34.47774818543866,66.89361777165789,61.07274154514172
Gene_0553,12.941600364619296,12.338078782581789,12.030564210367299,13.197164239454345,12.30047120753013,19.24092619091235
Gene_0554,17.520524197054357,5.399735639626116,11.66955994430972,11.420748235320959,17.738009341534248,13.07031907538931
Gene_0555,6.706111658970859,3.8723731189419115,3.5321346989639517,5.307533125320986,3.337750019459971,6.964459551672099
Gene_0556,3.576541737809146,3.809916759819411,2.208872133774253,2.8231538627309862,4.0450085082785305,3.917308912461922
Gene_0557,7.73479243220048,4.948646404115368,3.7986852683176418,7.079450970478668,3.671428449913045,7.010743535221959
Gene_0558,15.754097545914986,9.565661445745151,9.760125941218593,11.168528549307062,19.154615284317696,15.485850089160037
Gene_0559,4.997173488503763,3.9153305303382964,1.8686253450994887,4.593468650541673,4.548247415947422,5.671752830137213
Gene_0560,11.67276255907298,8.395578706911076,14.979704254309294,15.840049866106417,16.09414620702415,20.738699891804636
Gene_0561,102.77976341596305,174.2318093138913,203.21676711162303,153.27451431711765,264.06243035835064,183.07180072254843
Gene_0562,45.54314114996975,20.26212710689256,25.42776359243543,38.58058243635187,38.510997724666446,34.022064553253536
Gene_0563,7.233892193747385,3.8930961844148313,4.4519552954179735,3.4298999046737513,5.638801032610693,7.786794214793791
Gene_0564,52.6771605750877,32.257371480063696,56.699907013172826,75.77569911018585,38.05865162768728,50.23567613373135
Gene_0565,5.231737890200964,4.729871988303994,3.930808465723641,4.4037355791390285,4.589735216042851,3.146921822585691
Gene_0566,0.5191067787217809,0.43649378483948864,0.4179785127654813,0.31797301155598046,0.3394791677703426,0.7714532801151484
Gene_0567,1.3045604138237663,1.4742578166085105,1.3665402175999268,1.6297676488314154,1.6844221623208522,1.6516036326406063
Gene_0568,0.4876563485848424,0.43865319895289595,0.6071760625995076,0.6230112860629499,0.4575921934824051,0.5467544141164172
Gene_0569,7.083502846246549,2.742370452077086,4.404478108996086,4.005685161492906,3.7267007674951045,7.201845372695241
Gene_0570,6.673203981635114,6.742258108318087,7.385358325755741,6.640197572834038,4.841367489856411,7.388205799301418
Gene_0571,127.67432783826956,87.37986762957487,57.24234521683616,93.55190773322097,85.71126654671812,78.81482507345078
Gene_0572,10.279749366975636,25.720782258050498,12.062893653615312,9.277794740611638,14.66078327202106,15.200339602173008
Gene_0573,7.830587674046669,3.7003574548169778,3.8015885362343003,10.05262540987165,4.070098990556192,3.626368765736125
Gene_0574,32.465412339016424,38.63010399449908,19.419541201044343,23.67717373401113,29.535244254330948,27.454828905261547
Gene_0575,0.211298564412146,0.35099791133982833,0.19249995321097388,0.37647769684488064,0.5434317212354971,0.33675963780391877
Gene_0576,19.09837023356227,11.11486146831676,7.009088340362095,12.262972034387376,16.397190869980133,11.327595046373801
Gene_0577,24.111277512420646,38.650289350245565,40.7471335722705,19.130023879358067,44.085523866572515,17.254414573611015
Gene_0578,0.8071903701572867,0.8732115723849463,1.0998553087133858,0.8786713645824409,1.036894535377419,1.5146426527453354
Gene_0579,55.84394944330297,44.83769307031858,67.0472502968906,56.89192154192971,66.8636345227104,49.47651097367558
Gene_0580,22.177875124137454,11.733860720265088,7.803188163286217,12.6998180520133,11.328553761905157,22.018780906307853
Gene_0581,3.7399825411785588,5.555614950994109,3.7139668522671463,6.204801755158072,3.745433172039251,4.279613810225265
Gene_0582,24.88925325048328,25.75899520973205,11.879055356070085,28.38749902333868,9.62344169571487,17.115332938632996
Gene_0583,324.2269056089064,179.29032616282237,165.83397002003068,321.1907550541825,364.5465151633041,281.9131607622592
Gene_0584,15.294456226378653,6.345180507545586,6.75996404501004,9.255554029336134,17.666457841787256,10.621378024282896
Gene_0585,14.469206562436508,9.797301724899084,14.265761491872412,8.488392153278829,10.413977913073571,8.79169883628799
Gene_0586,4.252936386310468,2.833796711551798,3.021477744112078,3.3777297935355253,3.9414330157892157,6.730836623579879
Gene_0587,2.06208114921405,1.9676627139570868,2.610139138290343,2.397501573384911,1.8886193126446114,2.000421481499115
Gene_0588,33.72050972963002,36.14018812353206,28.230311466695436,33.10092391750901,33.01859931377655,17.257197961090892
Gene_0589,1.8983629649080944,1.7321338538025164,3.7457511481455183,1.1673360772073471,3.28749294906974,3.5577545358297535
Gene_0590,4.382869165765861,7.88665954416455,4.841247195623514,8.982128234352274,5.59173151628164,8.255382990408007
Gene_0591,5.265842390197698,3.566522301031216,4.830452195219375,4.142345003655643,4.679150690394331,3.5112502907437944
Gene_0592,25.44220860077023,18.985382265622388,19.61036559703081,15.264470185028099,15.99441238179139,10.419290905174202
Gene_0593,7.678105116497214,6.032108892870977,8.348950064804619,19.652346887624542,14.458503276508779,23.988657730602128
Gene_0594,33.12042179525877,28.35972920959512,43.471528259077196,43.517597420579854,46.09845083049528,27.7787477911055
Gene_0595,5.298803497302732,3.557403179540836,3.488511616448939,5.575346289776249,3.7258160366855124,4.084975644443878
Gene_0596,11.695399949682797,6.861194893717086,4.223233229278145,5.056734387494916,5.478781756524516,7.566867777530104
Gene_0597,2.1920822659218104,1.4261150763146373,1.219364795742226,2.4680272075511223,1.8302692809063899,2.255056496226192
Gene_0598,3.903675664438955,2.0985877603098997,2.805224462749244,6.7828779227890585,5.820732997651025,4.351276874781646
Gene_0599,15.765770518463645,15.218845549906714,22.07731591050752,21.11070442125023,16.917523117534824,9.118054894737586
Gene_0600,44.4651266225859,18.458861137770068,21.10149844577112,18.140770209649407,28.174835299789837,21.059904971264647
Gene_0601,1.95369435226576,1.2592576004808826,2.1490960199487916,1.879433960194817,1.4509778746069089,2.2885024125538433
Gene_0602,27.423783229884567,21.92824624368671,19.703481565663775,26.874581777427863,27.871542471739275,25.104878237226803
Gene_0603,62.514160018597515,51.87149999247095,40.982993502553065,71.5613128605955,84.76042642128658,70.05426432520615
Gene_0604,13.20919439488081,11.127274769500914,17.433681984313598,18.47428707345847,15.930452909958769,19.677599305072384
Gene_0605,163.8176916899561,61.81797792205897,75.48825936504758,104.9881380330967,172.40121188807657,192.24105988376863
Gene_0606,4.823400121221044,2.942049318838861,1.8746244661927571,2.58568176367415,4.508844757839635,1.8706162352972335
Gene_0607,1.6107518970736219,1.6260451572977512,1.0585313748857743,0.6820592155549863,1.7884887576724837,2.5774931562046905
Gene_0608,0.6083365194665478,0.6053469885202718,0.48625976153635925,0.8648705680289321,0.6044951427925237,0.7534963915706704
Gene_0609,81.71866604922761,48.10716331280944,60.58181499322305,65.4100326455314,68.54846025891369,81.3172150446555
Gene_0610,15.78958588869109,18.025210290162217,20.36770793999075,21.94697073581899,10.509239616707871,31.91943205391788
Gene_0611,11.3397617298825,6.58857391944237,7.676287286789057,6.780491117042958,7.410357953057887,16.135968450190674
Gene_0612,14.060383193924762,13.069242668395503,12.858441050985807,17.358506388757892,11.692182063277718,8.526188520400503
Gene_0613,1.6559615130835834,1.620830870852936,0.932096965142869,0.638161401429966,1.760587421140043,1.490323419510212
Gene_0614,966.1504810885983,225.66377158203775,243.96815969843922,315.43931650255956,317.10331301239796,165.6544498974161
Gene_0615,12.556230609619467,8.927181871882643,11.774273214275281,9.5106060458602,9.341692849955844,11.094314311854477
Gene_0616,8.893442760476095,9.698261461100962,10.445200930971188,8.317175646717601,5.853523225691181,11.342037826372827
Gene_0617,24.717265729223957,32.98546328274268,13.335749800952591,40.3196666279041,18.980854535382008,25.322841673950123
Gene_0618,27.462101315488837,18.238525360093256,15.4964985964467,12.751341298853644,20.11127067168836,14.584499643293316
Gene_0619,13.68864311589743,12.720480953039118,5.238392860610647,14.263250661322347,19.833443009575664,6.525889082196358
Gene_0620,1.8767926509271664,2.248147695121717,2.1001842335487315,2.749682937225082,2.5138160310665203,2.9480795018535004
Gene_0621,25.27284693963905,22.220395972658213,24.29301655365184,23.950274076765087,18.959726768529137,27.07574750135107
Gene_0622,130.23661075945506,136.54249827469894,85.82627656029268,111.40826037329707,189.72040197788343,121.57565308743882
Gene_0623,124.82075671331144,41.698869641534756,39.70548896731748,48.840547318069966,49.98050934726774,74.06577635914421
Gene_0624,142.67277472635172,119.2785192528978,93.00424693919213,122.59942926562707,103.19241795797414,58.80001829860258
Gene_0625,3.8410250707421345,4.109156566372997,1.9817738242416316,4.26778233945307,3.1512546699600557,4.5958141628731966
Gene_0626,3.1476528180529875,1.4238292379268092,1.2705152722145354,1.153075847244197,2.488826537126759,1.7373893282569424
Gene_0627,7.991956775294477,5.14560038287191,6.712075682606996,5.696486444559658,7.341269339709537,5.682548176991956
Gene_0628,13.278933482836571,8.526938243892456,6.091887072337573,9.873196099386686,10.073358239229913,7.465435709300488
Gene_0629,56.45627714445038,42.559923247051934,32.594793441546514,53.67449848668583,34.5801191708371,39.56754942155542
Gene_0630,0.5793522665929853,0.6011931953922487,0.6691246269517646,0.5209273530385531,0.8271113012403813,0.7640199101936501
Gene_0631,77.3251987835564,78.13111731030922,76.2826551403501,33.460650559742994,157.04157568386313,57.71297619769024
Gene_0632,10.162817911936946,9.427638959483492,5.793229769987458,7.46538171681677,4.9401014701610295,6.041540764241137
Gene_0633,4.508683280180178,5.2164216861224935,3.227145482636729,2.9561969974864604,4.033045996214442,4.490851744413085
Gene_0634,1.8358512271725445,1.6647990739241232,1.659502826471111,0.9675030067859722,1.9899249159862922,1.3592555904415635
Gene_0635,0.5932956593976403,0.7951523812004138,0.545665827510004,0.2889038546014837,0.8961997853013669,1.2355547665174402
Gene_0636,36.91415033485984,18.09560389827995,26.729126276395696,35.49073193119193,24.62256301640946,22.95447145333288
Gene_0637,19.59929872739306,9.02524265741762,6.517909051879933,9.382850817390185,4.042402088904567,7.87703368325475
Gene_0638,0.9915936684156648,1.7833986195223843,0.926764530366105,1.0916422264762533,1.8396709546635388,0.9290170248076088
Gene_0639,1.3653448563358526,0.9633277317300164,0.7218418472828312,1.7584110817517413,1.5254735794985583,2.1206685404023458
Gene_0640,8.729852531153286,3.3625617121604505,4.053079456233525,5.917072473695508,3.034995433577633,6.153370865152093
Gene_0641,112.88834471883455,72.13763898445535,64.96757586155074,160.57221142093613,86.31754487439568,79.62755539364389
Gene_0642,7.338128751642053,3.505711119578076,3.2872630589998777,3.6078563508346524,9.18745466235428,8.14405294412547
Gene_0643,0.7213194834254484,0.5948341351358316,0.7683885097855074,0.8396600589084198,1.3721731498624148,0.9610783908076561
Gene_0644,7.438259571068209,4.441105356529094,4.997129363804471,3.4442041004295905,7.765948801800628,6.445401626150268
Gene_0645,5.938940352960267,3.126502178980593,5.694114226769714,5.014939722273968,5.3380058302332625,5.167437940512221
Gene_0646,0.22249478721839766,0.1261890450518504,0.10424500307436135,0.13138895083127167,0.1520322650244312,0.12059116689952755
Gene_0647,12.447662764383663,8.670367502264952,7.061304712961957,8.996748618337508,7.508616191568911,8.799483707069523
Gene_0648,14.5446998695174,3.864922677362585,5.654737899614669,5.7984394735318014,8.405122720714935,5.180375561485354
Gene_0649,31.97514425699228,32.16133805560865,22.007822828385713,27.706114938620377,18.51031331569171,42.27271135602756
Gene_0650,166.98974397689233,133.93332403874896,84.72361084137118,159.93822363449624,106.53413752805727,94.39162311422916
Gene_0651,54.32161394562643,52.968216519094135,38.409809115743066,83.6505166354395,62.159343737907626,74.10626646093063
Gene_0652,5.682983938931285,3.935299234608948,5.050894400810089,4.915529226618315,5.585253134676692,5.573798785803884
Gene_0653,1.9907583563833189,1.7633916532762466,1.2917798042033075,1.1597747238962912,2.4364025132641,1.7945286147158677
Gene_0654,410.82964587854394,245.45898353412082,172.04441858421401,413.3051761954509,328.76962278315136,525.732514083947
Gene_0655,10.871289286670004,10.242771390648631,7.772802814379979,6.94807816915047,9.108111325239994,7.803390999070636
Gene_0656,14.338275334502248,7.714611014350486,13.440997261961607,12.881647505752047,6.559676386549432,11.415521602870358
Gene_0657,6.743701509597281,8.169911370669158,5.867665604646295,7.164715930608568,8.18900500739704,3.6926883129575385
Gene_0658,17.918793339544294,6.78774706639873,7.3328209770804005,9.186873638583627,7.317979666667978,9.355232396347581
Gene_0659,11.30622277436534,4.417653862255109,6.105074030639159,5.6541292662246425,5.894033593045069,5.264815278072544
Gene_0660,3.8606894881888416,3.630410693183058,3.148344428793325,4.243352635676783,2.328913985337672,2.504929789850626
Gene_0661,2.2032079960238717,2.3770910974976416,4.268183903619786,3.3963758926420002,4.593580503500125,3.5609617286867064
Gene_0662,7.502849324843418,7.849911890922881,4.42453828921583,6.351503170597014,10.000330321596525,9.220235737522813
Gene_0663,6.176307290642234,2.107266956698384,3.735692474095433,5.899041467747521,2.231235018573158,4.713667950498965
Gene_0664,3.224023994633196,3.1767349216588667,2.777397194185867,2.1472797957796796,4.3391057462872205,3.1829227336656514
Gene_0665,8.220360229726484,5.815685550265668,7.619095517390469,9.58919189324126,21.023505209469302,8.287454143151555
Gene_0666,5.54480280403271,5.777057560655463,5.118168462766526,6.709654607622168,5.8597522110660005,6.573488234983217
Gene_0667,116.1560854246058,82.62803984084792,88.10092312578696,47.31892900302919,66.71477434466681,85.46275880319477
Gene_0668,0.20894686740022061,0.109173607681702,0.16511652951135664,0.17516005796295184,0.37069179336412605,0.21420273726471378
Gene_0669,45.256214962804975,43.927413273957804,24.729843865677033,30.297022224678255,29.32208412145278,55.98852779447299
Gene_0670,54.91792648667879,50.29626365257854,56.19521036611321,67.10671268774047,55.25345966516405,56.43424940183983
Gene_0671,0.3749909324268344,0.27224099875749586,0.29646217319818374,0.27020909435582513,0.39874728295255046,0.2939176272601069
Gene_0672,4.288791164330243,3.1710809675710823,4.143277419933099,5.954342435542459,7.585845852170486,4.24138167243785
Gene_0673,8.795240893809112,2.281244936760304,3.9687615028052,6.455355374503447,5.406119872320625,4.190027986582676
Gene_0674,1.0395580563137654,0.9649276036831067,0.7845192611120148,1.2680558130485988,0.8833034470161083,0.9502388337095458
Gene_0675,4.242623740940781,1.3972478250098288,3.017544742158211,2.715541603477019,1.9831587176678738,2.9109969501448707
Gene_0676,2.8215613648419615,1.3957191706859888,1.249417106229254,1.426276789164837,1.4453635964187943,2.020801205200956
Gene_0677,176.73621220478663,91.83941159024492,67.10094385773743,94.23590332214098,86.75592228017368,117.6689975649688
Gene_0678,33.81115764081971,35.79938618867679,24.51082646865109,51.16979686483591,34.97510118664422,35.27450786513943
Gene_0679,71.89530973429956,44.141011574813675,48.16330101042215,44.159387527355626,48.17523134831876,60.650631901895906
Gene_0680,27.71596979535895,19.189132161093717,28.93143774269385,17.49140696961542,15.97568671321117,21.81378309991234
Gene_0681,1.3258730455792356,1.6432136708364342,1.49332777006847,1.8154883224598182,2.2699034730208374,1.2015473518787194
Gene_0682,4.745926850035933,3.6125263034537145,2.3910086367200445,2.899968908295249,3.3224055092795846,2.3195976677341963
Gene_0683,13.833722411701782,16.437724281323153,29.763270523152414,12.67161241459821,12.066005409610888,14.58979854349224
Gene_0684,2.159488661808506,1.3208281007418299,1.1733901976196415,0.8386586271409726,1.2880143569496414,1.5897192730512906
Gene_0685,23.97164841242952,13.190492878706102,28.955817980835324,20.38799300642167,25.19839603414889,20.357099768557493
Gene_0686,7.004964831919178,6.279050859894063,4.516122882459362,5.501489378259159,3.498530814537204,5.60116892019084
Gene_0687,5.868003812352242,4.914449544043221,4.533221550444498,4.958076003717393,5.333642052912954,5.654794079770945
Gene_0688,25.419785310167764,15.365201951038264,25.328665735335576,31.254184825358433,17.97647412000557,29.29603906542351
Gene_0689,21.958679164532764,12.985601288909496,19.020353914719813,18.44486109700541,27.563015004156075,12.150139263671255
Gene_0690,4.772350802017734,4.12649711257267,5.416324920825143,4.444247402860309,5.769065637885672,6.769817154622707
Gene_0691,69.90542479090338,39.22506654315417,50.114485035133306,43.37388180251098,42.76824705525181,68.8551657924432
Gene_0692,1.2477856050351999,1.5671102588390533,1.2183960406152883,1.8622281582327191,1.3386021602676133,1.214406611147881
Gene_0693,24.743841854765634,27.77076282422852,14.38284075087142,29.844361136035744,20.680357281340594,16.97188021809123
Gene_0694,41.18565213269664,24.1637174838298,18.23039805733871,20.447642666868468,24.7855379880394,30.01762208579954
Gene_0695,4.403238546471502,3.0425163153264005,5.636566178091667,4.416124673495369,5.284633821037349,5.188423038312346
Gene_0696,12.586633304778205,14.104457127903078,10.340204090270264,9.792934821259392,12.946469418858413,7.22879003878011
Gene_0697,1.6892106522440908,1.6366966236424456,1.4283751061912313,0.8025906363457617,1.3199738828352456,0.8678214434226911
Gene_0698,39.91189593596902,32.225350014743476,41.90821359128556,39.497717540648246,28.265841951033796,32.00957770922843
Gene_0699,7.961322943220039,7.542934129977622,3.9016783366908,7.288966806409629,5.791875995785785,4.611436992254737
Gene_0700,4.99996527840971,5.991051433969535,2.4072753355651666,4.390512587443637,2.0687591137139862,3.4788224434434913
Gene_0701,55.184915121407876,47.05405409182874,31.345089021501863,37.5336348715382,54.72950364818942,42.01548425307635
Gene_0702,4.586667734267722,2.688403083876259,2.584222136427205,4.2882826752114696,3.221654431748537,4.650461051612068
Gene_0703,1.2930619524367402,1.1870899867849565,0.7001884506313508,0.8456869385233521,0.8122415808139334,0.9559758772592595
Gene_0704,0.8516652768902114,0.7255632095035544,0.9844947900099604,1.0428511650193424,1.4498323979412098,1.1521437065446958
Gene_0705,28.71864022708163,17.936830438329718,19.103876434892076,19.84026610971162,21.58267909260615,32.86632231984157
Gene_0706,2.4499801232151834,0.9461085463042028,1.0048581320628973,0.9872541234558996,0.9096313491884249,1.9434298815792173
Gene_0707,126.36322638526707,159.47475055537882,61.256789943947254,134.32628745622884,152.3200238196328,130.6370897001026
Gene_0708,0.31083484794445754,0.24715184200600607,0.2010940493665302,0.4026523194934517,0.42033283432094665,0.21075154819522338
Gene_0709,167.93350761412327,144.75826238120376,93.93880984534437,114.67451788036068,121.4897353000539,126.18354233691582
Gene_0710,12.518045101703311,11.440455061519428,4.905729445552216,11.372875560175602,10.232518602991286,16.213620933347084
Gene_0711,4.26264060346773,4.078824381447488,7.943689491292308,6.916320189796476,8.388404011814035,7.282074065472837
Gene_0712,5.384945731048734,3.5380880523126277,2.8543139033570353,7.311543668875543,3.4586042465229174,6.428891002512188
Gene_0713,14.65622376418645,6.954344307922026,32.631835015757325,20.995384358644458,18.215225950563482,20.317036288734982
Gene_0714,8.698471508068176,8.181460474160833,12.801714474035846,9.494545453205655,4.521464013368213,9.668135515754065
Gene_0715,54.66951721763615,48.96925211366723,33.58818559509345,43.764107874205564,38.92209219372825,62.53163299099104
Gene_0716,11.884686667286939,7.1299556316494,7.791992906056496,12.98519794602275,16.85688587076906,11.315324399567416
Gene_0717,14.658898352688981,9.329554610048993,11.447637537235924,11.83631716887046,8.432587239919824,5.116215535633311
Gene_0718,4.809990602311912,7.474515021788323,6.5481970246766386,4.724513362340895,4.096780496284924,4.304433406862916
Gene_0719,10.127683994067763,5.660588592856813,3.8069529970873575,6.779027959520223,6.800284101132699,11.342281774769322
Gene_0720,13.882069034964964,8.287105085573586,6.293052816611371,12.5252788233987,9.337439214163572,10.742746380062187
Gene_0721,0.9076920726884588,0.8606363315731738,0.4324853841912025,0.24025393470652073,0.3358920018173214,0.6203392207117868
Gene_0722,1.5054494204636208,1.7111546034140777,1.0684397700416566,1.1402226777185522,1.0463596867179144,0.8344991894696813
Gene_0723,21.780692021315932,21.904129220437117,23.989458432515697,21.299312027897916,26.908041871556865,44.919789321046515
Gene_0724,16.92602116805304,12.558621391012915,12.0719656662424,16.851178798339763,10.77596148154246,18.4589881523352
Gene_0725,6.110418846175951,8.142832524515685,3.588635406584905,6.172782278029591,6.155417909478007,5.021204509737687
Gene_0726,12.389230645372681,5.9036804126001865,3.47802298432694,5.8199014567532625,8.822756846918693,9.26872490936909
Gene_0727,17.78433674726878,10.448423781954654,14.767563206901254,13.419783084813188,19.394630075323857,11.846469182330788
Gene_0728,7.305116129954621,4.619530880042734,2.352686534441516,2.62963646408085,3.5608449128029673,4.616557933685306
Gene_0729,2.7518199065920657,3.7014236682593538,1.151024984490248,2.9005100262318115,2.219072613134822,3.1275606487004928
Gene_0730,11.424180478234847,11.396456412130311,9.496689746302119,11.838696707078295,10.445815474818136,14.762424604845442
Gene_0731,2.167066287556912,1.270190453821642,1.9818877978505738,2.4846062069002026,2.323363893277235,2.1964049015782794
Gene_0732,15.929688326635754,24.026749986219034,12.054261846665788,11.768612761558959,23.87324617760458,38.39036496194069
Gene_0733,0.9350703836010237,0.4759243574204267,0.45951962045652744,0.6354947043353472,0.5457756418195596,0.4929009609503973
Gene_0734,27.264885620992583,30.382368207488756,30.25256789718633,25.14221669734025,40.86135782944913,24.17594111457169
Gene_0735,14.006911098482592,16.155618748822622,12.321893981960834,20.280627381787312,19.05204955938408,15.576676254685498
Gene_0736,10.079091048558885,16.793015451442965,6.641160694371555,13.874150210071623,9.235386158564472,7.912577974151969
Gene_0737,54.920578444473286,40.483706892715546,23.885905489671302,40.98062681228764,37.22322349848682,24.073299339582626
Gene_0738,192.12669770774298,98.82411383614817,96.3754905506708,98.39783798641095,66.37236217274507,77.6819394315303
Gene_0739,41.971033081040005,37.75855157776752,34.18253850426665,41.94286859794998,22.81940417702391,29.95523037083168
Gene_0740,0.568247336119118,0.4595136547606181,0.45057212200116775,0.8272170543564868,0.5977897373606327,0.40947015602268255
Gene_0741,1.4168123987120582,1.2445160376833997,0.7376736868023437,1.0891828419669356,1.107652992381345,1.4783191829552547
Gene_0742,5.249301310669584,1.3159705253311436,2.5142573420375562,3.302524396279231,3.5262235546806076,2.9029310553251317
Gene_0743,7.446096943342176,6.826585780917847,3.668098269536591,6.071587734313758,8.763008746742715,8.50018325798398
Gene_0744,22.081906998173224,16.76939395460386,15.54420365084213,13.549256815504027,13.740391009066009,24.521833481863222
Gene_0745,4.2661122355917405,1.7104395435960276,3.503273707407238,2.8040077251947144,2.8139219378878124,2.307796199585293
Gene_0746,14.544861322472704,10.662335314487658,5.763626001495711,14.904328390305105,7.7445624922469225,10.544368197807694
Gene_0747,3.2237956746147614,2.1733169752431407,1.8308925554489053,2.4117745641825117,4.141212158435551,3.1001767235719004
Gene_0748,5.10283609951079,4.855132196666187,2.9895163331143557,3.01099260274058,2.2539932480195732,1.9252550943356137
Gene_0749,0.5095629031726816,1.3945678713335825,1.1966397598190017,0.867850544771021,0.9685491987023487,0.5113720979281313
Gene_0750,2.901628370627147,1.5621745382900383,1.48340338114082,1.7246852768132364,1.551527426910699,2.39597644597885
Gene_0751,1.0232765128257602,0.9029321231472222,0.7250274784670709,1.1633293044552073,1.3236203498746384,1.316376512777863
Gene_0752,1.2633407628631599,1.6236491474538939,0.8686364996715789,1.1940301704245873,1.7745235017212653,3.7071436749583713
Gene_0753,53.54823489801636,30.436275723679447,33.9588812386094,57.68897172391511,35.22069750243371,43.9343589445302
Gene_0754,3.4375485623677764,1.8313977759644984,3.010724545207547,1.5945577632092618,2.6343417967146063,2.655489753033129
Gene_0755,470.6420859459422,296.4144968360427,382.00623082660024,520.8518263585887,443.2675343457735,421.88671256248045
Gene_0756,26.379800251903735,10.7130494823791,14.110926710239442,11.580222986527152,20.733306422092664,19.76574794587247
Gene_0757,20.240732262965558,11.412826768868888,9.850627536705684,13.042688137134759,8.328035821125672,18.769566561424842
Gene_0758,3.8717129259079757,2.3916715871826377,1.8641254439139265,2.7301817118680223,1.533863129754827,1.2586893793196696
Gene_0759,44.2216079711044,16.116448824371354,15.183613560886554,25.946763902985815,25.013068686160643,27.920333329460604
Gene_0760,4.982545314480474,3.958322067769826,3.6589767032286353,2.5308017762321584,3.246769759751757,6.903474253200763
Gene_0761,11.61624063237284,7.129290558455464,8.709370043547077,10.466719320772823,12.276861989000212,11.273225708468937
Gene_0762,272.1344984454812,360.23143653435966,317.0524021478443,263.8897515123116,384.87765309261897,658.591995821348
Gene_0763,7.605341001311523,7.94611936685029,4.379596627292703,6.4909093075111555,7.800625947753247,6.183917842650436
Gene_0764,41.16940447523582,39.825067286808434,56.18324904094838,61.74761651082682,29.18533795826322,47.89931776203105
Gene_0765,6.317209257060727,2.8643113686493535,2.8814754431230623,3.577153586043708,5.19937108041978,3.0346566658907626
Gene_0766,8.51228896816785,5.831409258359442,5.44826547601062,7.709039513140637,7.6523737723783745,4.208244008727363
Gene_0767,139.75931370866766,96.34459577444608,130.37366756510042,85.9770531411436,148.7472077110718,86.53536075594401
Gene_0768,4.356872075222751,2.633890180484351,2.2794505919715196,3.8326144065842622,2.574082449327531,2.4236929991616156
Gene_0769,145.25821194106766,86.95316656557564,81.26602828338288,123.32321392385131,140.87134621546238,167.3517995108358
Gene_0770,45.46317125083575,19.673370687935858,15.601596544758813,11.656391774701,16.569202516550607,32.39743830657425
Gene_0771,3.374558117027382,1.9394116848241911,1.7136670599864123,4.399145159365385,4.1732345877462595,4.089064802005063
Gene_0772,25.887318225316555,15.989556810258515,20.16060809924346,20.731685168891723,19.66008840242604,28.52120933826761
Gene_0773,32.55235963184334,28.333344211814392,16.829688419473133,49.893388793314436,36.75815308201412,35.3179866429047
Gene_0774,16.17501147452981,16.886784654406146,11.915476217367836,14.797455550200905,26.54598150182623,31.440597265028213
Gene_0775,0.7466875553471787,0.6331069028373868,0.34494951745779756,0.2958132997462224,0.5552549256501957,0.8204559744460167
Gene_0776,3.1422608506842056,2.366554977462296,2.2191619222710472,2.9545337346609575,2.3180305981856915,2.9489788876825402
Gene_0777,5.735590669821082,5.715746028730815,4.469525238166174,6.089175006975174,6.703907457437747,5.495061483957282
Gene_0778,6.871503430261868,8.342603216431337,5.495872061019861,4.355632452003428,14.219119842559152,9.473425090705193
Gene_0779,15.734759831199916,14.980493232436386,12.577268805462623,15.29888176693706,20.621921777521813,19.287438353873988
Gene_0780,12.04174291080347,6.529050782223921,6.224777253008683,24.129575337742796,13.205898221868152,15.093835791286915
Gene_0781,0.8124724358606792,0.7082490111935711,1.0512192749200682,0.9956313043568812,1.1070106219983056,0.8287342351488857
Gene_0782,21.01156342456005,10.966072907780433,10.163343581604835,17.812597388791936,26.835930581783497,10.972887091198062
Gene_0783,24.22463047116662,16.134705093880264,18.623838465995462,16.626571788602483,12.534481240109667,26.493837655168665
Gene_0784,14.14243117778568,13.188657466768547,12.034377548045917,10.00331220120906,20.18305141390941,19.451572744474735
Gene_0785,43.60482132295769,24.606396129235733,36.20315228931095,38.87747640964048,26.318684027910706,38.084568873895996
Gene_0786,26.363900523065638,21.861285977944934,35.00612081788626,26.08924915683116,13.95283884038347,39.35826818055078
Gene_0787,20.723779971186854,15.08752781824539,16.09125799190222,14.28382964350417,18.444753423974618,14.316278046409
Gene_0788,12.725984495090893,7.720897377592277,5.390744874643953,7.0334732022582305,7.951590723528015,7.311851878969188
Gene_0789,0.44609034449589874,0.5025812347768807,0.6061514385864709,0.7248145407255007,0.6439583340877105,1.086685790222083
Gene_0790,18.647172243644285,12.075737899913255,12.01173465678397,14.727458835842233,15.632316307196746,26.07496223631968
Gene_0791,12.308019624396335,7.420098733035698,9.277126642809426,7.558336576315787,29.306009253501703,18.879119330477817
Gene_0792,17.38364181680504,10.682499374901928,9.238146070863973,14.062970670330529,11.783343216177137,11.911877872886027
Gene_0793,1.4852683820331083,0.8195653594930671,0.9504999764751558,0.6639071761092495,1.4545341428911087,1.8383961390417818
Gene_0794,1.4912038543736856,1.6837506902650037,1.4271785866783548,0.8638375127901619,1.3776470001279648,1.2821455187589912
Gene_0795,41.711316009496365,20.38174521338394,24.41940135432658,48.99924473610157,44.9284075937166,31.895468223982206
Gene_0796,7.018986763946405,6.070546857257714,4.709397143428579,8.87372627621398,7.4332887699245855,4.016199404211489
Gene_0797,36.29981146532825,21.829310239523018,12.420453178008557,22.09505643041674,20.81901453063928,39.603481331210546
Gene_0798,9.930694534111963,7.91134847450799,4.375638782311574,5.552034675666887,15.255168319891004,6.945466396291918
Gene_0799,17.492124915104203,16.830868880844893,4.919002102660114,6.8385955600543955,12.610892519798389,8.683980057005282
Gene_0800,37.93927384062044,32.558420895854695,29.04716083241388,30.536513780100677,36.06132390996968,26.819625828855553
Gene_0801,3.5260216971360836,2.4482827341583877,2.3910986265822416,2.3105513440545913,1.9570545354632873,4.900258713249639
Gene_0802,6.936700349234427,8.054349182254287,9.133251715010479,7.484199193993754,8.781520992730378,8.902183532421072
Gene_0803,2.7522108217894683,2.105143197721723,3.4234796496867332,4.916552750347734,9.528302349343631,2.9152265048309447
Gene_0804,3.0641623469634807,3.65006895574846,1.9568982192698483,6.46736476012497,4.119897922094583,5.132331032508045
Gene_0805,6.443933656860912,3.5148446326077227,5.188220532568885,4.484974657676783,7.418510638201002,3.528695752733572
Gene_0806,15.372458884770362,13.1772000269924,12.062440509771676,14.160673062218216,18.220632503862486,9.363175165310517
Gene_0807,2.869905828090983,2.9673975131147867,2.453154012687656,2.221050989080221,4.412041335668242,2.235837444228828
Gene_0808,81.36173222727005,45.5711453564301,50.56946496360049,64.83146242184642,43.287284302195076,37.01237347096659
Gene_0809,2.1381267409522504,1.549747507986741,1.369979613593246,1.660678042461088,1.0663766303749524,2.378460233879024
Gene_0810,7.46697375448385,9.134132899666511,5.27326613463875,6.700738034969462,7.859419308175363,3.6151640773254976
Gene_0811,7.93139520991398,3.36928618737316,2.3981801387450568,3.8821888965163827,3.4306434548357796,2.8601246716691797
Gene_0812,108.44877927670515,108.95165643642932,34.680971835662604,105.3104322043222,78.26364491281365,75.53239762744764
Gene_0813,11.716901009762942,12.30182983937149,8.114424590696299,8.354688901109919,7.819786801066208,9.840983114775263
Gene_0814,34.027482311845375,38.980329720097075,30.70128188745024,45.89564142536121,36.7804618085322,73.71330559624784
Gene_0815,0.5341247675968626,0.8632505634358303,0.6479199112958859,0.801018414723012,0.9217754653426706,1.610643718791782
Gene_0816,11.376942993406345,12.053859674745244,7.09239097016693,11.512175465502738,13.707247411830895,9.924477498010393
Gene_0817,33.712425601556724,15.284125564477682,22.831308149597003,29.06723170704555,23.029379382129488,38.72142247192675
Gene_0818,7.956836415298614,7.466536903208112,8.3134168145502,7.099650152929453,13.725706981294318,12.219295139026947
Gene_0819,44.952340669421815,45.715539791107204,33.0628050900967,39.81773152809919,35.020141072224945,35.65118639835756
Gene_0820,4.45435491210254,3.2545971193618546,3.295223243045157,3.6531664579714875,2.359613217503799,2.5350424540740315
Gene_0821,73.20939249888202,38.98334608924923,45.90816021994046,72.0034972557859,67.90334943540371,71.17468060247907
Gene_0822,244.71781494534693,222.13741471773378,302.9351764572589,260.8694746666477,269.19364920824944,257.5719254294641
Gene_0823,5.7724576214057315,6.942376420140534,2.763633894197745,5.962333791921729,5.158728927641062,4.392147688816181
Gene_0824,5.534979002658967,5.346724112248068,4.021562829814273,5.469133852030287,6.53490079901138,5.049285754441475
Gene_0825,60.323174638891345,62.31148995272138,85.481529832671,52.20671754243232,69.81949666825811,60.926203538702275
Gene_0826,154.37694281602694,102.05004467719063,83.70401373034085,112.20319008408309,87.37800214610763,65.27208618311721
Gene_0827,4.190805166900588,2.9341804429637572,2.9113269530014976,2.5860470832665317,2.777429536754191,4.0683616301970265
Gene_0828,5.063885231938799,2.2915504105308155,3.0798686317596777,5.136633977880211,5.7699132931698704,5.156800465246606
Gene_0829,7.664097585136437,3.5631807519617746,6.060580973591438,6.382540261062474,5.867255830205662,3.971465315534178
Gene_0830,1.3499241864035665,1.526322411440147,0.5886567924835915,0.6066826886793633,0.9941045897987506,1.5167303568159756
Gene_0831,3.1731425269767866,1.666114853533239,1.2771628391214753,2.096432960530158,1.206098657166703,1.278494557902395
Gene_0832,2.285730025366576,1.4791150672299413,1.333994472480281,1.5582470006677729,2.8976026896858813,1.6082720349778497
Gene_0833,2.4876333577711542,2.0730532464082176,3.105752581432824,2.036017168251436,1.8529350418295607,2.5236508716003527
Gene_0834,10.005981721474507,12.059876745404011,7.21065103563197,11.513840392990192,6.735287484564894,6.766006799413311
Gene_0835,9.534946197792888,16.606266078623136,7.203482970404263,9.44551298787226,13.404583224169752,10.346098342614432
Gene_0836,99.99078290401758,142.8871466743694,63.20065792460708,64.98517172212844,60.55515415308237,154.76047577218972
Gene_0837,2.0943836330634364,1.5302417066215555,1.2609031871284315,1.8505795807654914,1.210686111762902,1.4948251333646252
Gene_0838,38.89275165007471,34.32387820951534,23.979593162078217,43.48786691251744,19.610606168208676,78.54373745242559
Gene_0839,6.600958330326326,3.3025480080004437,6.595185313872661,5.6228778955286645,7.62999391310364,7.134629252374997
Gene_0840,4.992860947783926,10.3766188605474,4.170090676068141,10.655082999625886,6.679344073300813,8.233625967019082
Gene_0841,22.07335280870611,13.909411511973317,30.220478139125028,26.09760096024993,56.10256278886253,27.382575061631208
Gene_0842,1.8049444177584233,1.4213682472935654,1.6129134798090459,0.7809649783340158,1.166936193296937,3.4202061006418267
Gene_0843,17.607604748456982,9.16227203170691,16.685321889229083,12.244734235602941,11.403844555430183,11.362770189432197
Gene_0844,8.91856563016096,7.71902908269634,7.571965994658922,8.770967666451304,9.17820497700032,7.911824849963008
Gene_0845,28.937797370551987,11.683393703891504,13.563074149128749,19.546703202623096,19.075189671059544,14.397038953563614
Gene_0846,11.253282582759095,9.226324095353467,6.803680428137231,5.678171744675997,11.352786180156347,13.4395443249048
Gene_0847,502.9781500292467,242.71398272072702,230.2596928778608,690.8858249639138,404.8113281214095,204.38886750697867
Gene_0848,4.130125079100037,2.338663729497429,3.0196555289166374,3.6437716330359784,2.426827222890103,3.3364164625237303
Gene_0849,3.512737803282503,4.154429300350047,4.508568826232834,3.8132775348445227,2.5238822210035945,6.464813910690071
Gene_0850,6.325833711183094,2.0228364260198055,1.9094179339953774,4.527097389800273,1.939821612532194,3.5449248033300798
Gene_0851,2.8732753947350957,3.332147778804841,2.6400261538129928,7.100761225337727,1.889823236209594,3.434200693164653
Gene_0852,4.789494727283567,3.9748117165199237,2.4897587709896967,4.036850297005207,2.7878476073557166,2.7546122665537
Gene_0853,75.97914174547542,36.606880430603766,26.534461435613988,63.97485922892673,46.06262717864855,67.21415251108562
Gene_0854,65.1263786466582,48.71811977061819,68.15724268957412,70.83015551392585,59.03299304394881,56.702146104533426
Gene_0855,6.100553527168861,2.8445176130633447,2.3171540812096314,3.29281983174185,5.226142982377704,6.376407530216463
Gene_0856,2.5173633039134162,2.933084290339704,1.8340118198906727,2.0118394708110903,3.5136203028246946,4.420620561792086
Gene_0857,20.915505695165706,15.425561162660431,12.003458381180323,12.802125260226294,15.540564444977669,18.896072464320774
Gene_0858,4.466125905541318,2.672385369896476,2.3361871224703963,2.874511249724282,2.1603285737953013,3.754730183323509
Gene_0859,23.473320163846257,21.439414934533087,17.477957484400868,13.937072740543456,18.470177830198043,30.368357337815116
Gene_0860,16.35259128314502,6.989207766281783,8.613734303261424,10.718214158838892,9.594685400905004,16.242473010587428
Gene_0861,1.2351467679891397,0.9061612632477681,0.6240547004438577,0.502231058328112,0.7160642129333051,0.6972521481141483
Gene_0862,57.02316392032599,82.64136314428858,55.499588104452386,87.2566883343081,70.01526983987937,75.04566404747432
Gene_0863,206.82601701411167,96.75135080690941,110.31392827405367,118.30177596597208,102.98144938285908,85.79131687164477
Gene_0864,2.290634211986929,2.2253440882776077,4.439574011624962,3.3710322726608637,3.00905389125264,3.8897386331280766
Gene_0865,7.206409808937406,3.07441213923647,3.9514006604491225,3.8656492318404823,3.9139870426529098,5.889914876225161
Gene_0866,20.359934751995187,12.934699868699104,14.031289979446715,31.254946547457045,13.84696488414542,8.834159028686097
Gene_0867,11.258851460105365,17.133740722130554,7.37632016128902,20.08636870393924,15.589023234263593,12.427739538905932
Gene_0868,22.45091751120332,15.915514850713633,19.08306179324057,14.950954067385613,17.31189973255663,15.462933206381678
Gene_0869,138.42861359315685,167.92091836403088,99.45970588369558,176.8830342010404,253.002060751169,134.3532311814853
Gene_0870,6.799589274156354,2.9421522710880046,3.33728620815121,5.168067212501845,4.842018582155454,7.804416543670601
Gene_0871,2.603621102385086,1.8181857065111922,1.6395125870546308,1.8013415110149096,1.5745746574637165,2.0903155456511233
Gene_0872,1.5093493704661993,0.897963195448551,1.224150632143287,0.6833972199173955,1.1996451531930765,0.9955886500548429
Gene_0873,4.680743307698116,1.824617252409265,3.0109810996536464,3.075881120140505,2.2147814440412477,1.7686507042172295
Gene_0874,13.677799496715012,5.155313619752808,6.936984992475197,6.272762992263509,8.877040371219445,8.681654523192478
Gene_0875,117.91284467683019,86.67567278299767,63.160740341524786,159.5737277734667,60.794993568034705,125.63241720464798
Gene_0876,4.08603821552806,3.6035201792984073,2.9398399459682634,5.01302322807291,5.918547487175248,3.188978980031057
Gene_0877,7.9837628037464725,9.489192764200164,10.379660954084938,17.084603863028025,14.499891662903478,11.401935917706382
Gene_0878,7.245379792822116,3.5771507771466795,6.970471074199107,6.1102707334881154,5.26980794674441,8.88406871073772
Gene_0879,75.09881351629815,22.579675550297917,23.175788134164794,55.45218120282951,32.32134994957707,40.162550654162644
Gene_0880,679.8232552946462,264.80915872442387,229.74260374540083,432.878184722265,619.4609336876871,245.26159994612306
Gene_0881,2.9451258183243216,3.7123798567052035,2.9985528683417217,3.163771549147215,3.062568973493778,6.687062507197829
Gene_0882,3.799467473285729,1.5102266044570372,3.820511800262092,3.07907955036569,3.165644314018912,3.4235038528185897
Gene_0883,44.92879702703885,29.57686855526631,16.794631016254527,62.76634181074467,20.556905434307744,40.12577134511661
Gene_0884,28.606814020451626,17.041187412807535,17.954779115535867,24.080622060691493,21.20792644604413,32.48877597649674
Gene_0885,118.38467648013778,173.6831474289738,112.9146138303361,156.20555026652343,126.28185234769728,396.8597981531923
Gene_0886,25.786986131340978,15.349088018834177,20.998104216346274,15.174113707671312,25.211782254304868,14.258480652396589
Gene_0887,4.785877623727146,4.695614014315162,4.86747548985738,3.2726432113133006,3.2482278261816377,5.75929774560664
Gene_0888,22.837545741207084,18.15651979211145,19.5780673197408,16.534825115027292,13.022354223478116,16.920435297037386
Gene_0889,58.77402497054176,19.9764834109472,28.126986877318068,41.10667062690722,51.1680538625358,38.71487138258939
Gene_0890,32.44055418757952,30.933995654050143,13.091706188870015,20.121295378411766,39.232815282961525,23.794755176720095
Gene_0891,17.75655314987351,16.382280995381635,12.89257421320833,17.258056192360026,11.317345732229912,13.171034685558572
Gene_0892,45.32634600891945,41.39511801874834,45.33855914305707,24.137868974477016,58.04609801792571,42.20041883617299
Gene_0893,53.207207033835,134.62390785402658,59.47975649094545,33.389805036527754,49.50022257943642,32.02119731927288
Gene_0894,67.2888493654812,30.528935232894213,66.69029905822883,78.63629152204717,93.46166164110689,91.11170458895046
Gene_0895,23.154412622473842,31.853400794388982,20.399764607130486,25.649483719023504,21.95006171058561,23.20508028186276
Gene_0896,11.889746505519932,5.1230960268570325,5.911331237430647,5.596163680572723,3.0938328670418,7.620628842586321
Gene_0897,13.944786681886058,9.746804876322889,7.148418828007591,7.426559475159258,10.087041123640219,9.346663794810443
Gene_0898,52.872254632790415,43.24061006624218,39.82128806853116,36.30167343470334,71.13488214825597,47.20065594671864
Gene_0899,3.422742651934651,1.8552063297303474,3.2837091929014983,2.123227795362593,1.9026428927132246,2.7612160630359672
Gene_0900,14.874130206489491,10.514238752307548,8.880863961776305,17.059154267582198,13.11021504333375,10.576137601534304
Gene_0901,7.453535865454699,4.390814422436883,6.098737011301436,5.922667537424905,4.454536247613819,4.294779311050335
Gene_0902,11.03165924219278,4.752332027565003,6.424797236404702,7.275257224780902,3.7063008303888476,6.959020282370158
Gene_0903,62.317763311359634,61.16174237817276,68.64605810097412,38.93725569135167,95.18794394516561,44.93929912790513
Gene_0904,14.407127358728081,8.435597977549419,5.919549706270911,11.673521406644191,8.610713003174594,6.101304800423573
Gene_0905,6.329057534964453,5.481091970841537,8.663184379779741,6.772808102271689,10.571341207722112,13.821955680950362
Gene_0906,0.8771694477628885,0.8153663614220784,0.7066929773616776,0.9003798518435172,1.0735561856189615,0.9130722039388128
Gene_0907,20.246100496751925,32.04673927299813,13.578076570313304,36.86581254169693,37.84266969743914,37.45719018381528
Gene_0908,25.994073246191853,16.091578666403475,19.057157792253435,27.294421927518837,25.19925262764101,31.30160857199438
Gene_0909,408.0525416349312,205.0160965394243,235.4220604625599,217.5863611908816,202.58833861713077,150.48865408016212
Gene_0910,11.640402855162977,3.6317553184269573,3.315162028055699,3.4801604647015463,4.083887477207723,3.9220512579988207
Gene_0911,15.909241737997425,12.513053404714622,6.005507633226206,11.970746929760741,14.952102567506321,25.83375317448787
Gene_0912,15.97601009303524,12.81220423510121,9.584798750281664,16.170590138903485,7.020359042492293,21.203342372185848
Gene_0913,58.71069801611571,133.14421911380174,70.35864099812659,77.00045076662907,109.58694733163419,91.0610249691444
Gene_0914,6.965810174779685,5.900622436795568,6.925490454904108,10.514049227203596,5.280994878660655,8.077433238126432
Gene_0915,11.347035528651581,13.327093326970495,13.695494960518086,18.113858921313795,18.746154072553537,10.849119102095539
Gene_0916,19.53777644152224,18.392359830400313,16.57136977336124,33.15806815413871,22.131586806986338,24.443298759961326
Gene_0917,11.896329402747721,14.004035591776319,15.646088706850424,11.7259939046507,13.597990753221078,9.203323185891023
Gene_0918,4.20166873691022,2.9605355683748082,3.7109068667538594,4.937645233374989,4.444722557804099,2.399952556556065
Gene_0919,6.98737120465015,12.004804066514422,8.17322298458044,16.538857824820894,6.700573292689502,7.7638145067431035
Gene_0920,59.23899719681922,33.87606647272557,20.91849510185181,46.292837983404986,32.75318154500784,43.44870162936306
Gene_0921,1.469854627418243,1.509292386969552,1.3432411719941988,1.4920906757696601,2.222683123241871,1.3174689060117852
Gene_0922,12.403614601819966,9.00383485779688,7.47971516181025,8.629729118904601,10.872345817549496,10.319928089097484
Gene_0923,6.1644747750159485,2.707866950586137,3.1631440964187574,3.0395416157504647,4.224441138662199,2.1863336007002045
Gene_0924,43.09960902563261,41.61129129464259,46.757343064548195,32.97411872961229,57.41603044052984,40.96300272699582
Gene_0925,0.4506306404045797,0.7790375146034947,0.484356143116245,0.7886469087321282,0.6453130723992012,1.1342535336009236
Gene_0926,3.7530743183995288,4.9814597556095475,3.086228603199019,4.859340944526923,2.88512785397543,4.0175285039715245
Gene_0927,23.170155806685113,16.98147499334239,14.598714075401077,7.379922323457739,15.38609620467008,15.145811216636142
Gene_0928,178.13641620486902,97.48541206270203,112.20771314799417,134.14913521169373,44.293770750709875,117.54024151678301
Gene_0929,5.925523810097064,5.671099849556722,8.014737883695245,10.261595454430582,12.681933252321754,9.028287524816081
Gene_0930,4.772975174419987,2.389535001162399,3.7028803506512418,3.063606391260869,4.205932206544237,5.789090612515977
Gene_0931,138.2276311004658,160.61273535561733,115.97999116111818,159.98407972356645,205.74081793682004,126.29031521776331
Gene_0932,1.043889877850248,1.0633916952886895,0.8677332169534697,0.922419585995611,0.6008374752692659,0.8640662593893975
Gene_0933,0.7724820003505217,0.4124099471971716,0.36432783137606006,0.4321898289599527,0.4547223987698739,0.2157281573553113
Gene_0934,11.65680274715996,11.582528658845618,8.792022177208299,21.01314247140744,32.01621766315498,14.674818241363898
Gene_0935,4.8056865841970655,3.154166862562034,2.874110252610533,2.502321503896978,2.6843171756195345,5.425744645954122
Gene_0936,2.351887237529352,0.9483571102214461,1.161876573035681,2.084754191167453,2.3079104331819793,2.7537193978022785
Gene_0937,37.902987250511885,18.457368444986688,21.9756910518363,22.00275715843421,24.523672667089723,33.295815936755595
Gene_0938,14.039227511341515,13.948089551420736,14.131749548521944,11.951685301467244,7.6840145940834175,7.25905046881894
Gene_0939,4.450678585037904,2.6767510530591814,2.4313485239932393,2.789191976242662,4.2144473738642025,5.12244127975846
Gene_0940,1.2322086278884188,1.2742498670386728,0.48486168002051355,2.002318939738164,1.594237541360966,0.7281802503369204
Gene_0941,37.94673381359758,25.083377755939143,22.168581807784754,40.89574381472117,26.183233276280344,41.80126949775
Gene_0942,22.626084997232983,20.97202067910482,23.64141791529666,17.179071570179783,31.875827088574876,20.48661875055274
Gene_0943,9.82045181629468,4.382411364449501,6.863252528606317,4.670071949423477,4.428134593107072,9.177930272342918
Gene_0944,135.0752125210222,117.47066634637746,122.98564633594593,114.95895605762884,86.34059471313591,92.29837261457466
Gene_0945,2.127105910836553,0.5875478347541955,1.2517356943479327,1.850665122905641,1.7729118310788827,2.462134509461765
Gene_0946,0.9509372130303427,0.6881927788395097,0.46844307309247396,0.8816990034317863,0.8659735228258696,0.5638456923476136
Gene_0947,4.696005859250656,1.5584102753392688,2.802137378263245,4.172015275819083,2.420410313078005,2.5002905424321775
Gene_0948,8.696861541459633,9.622360951976416,4.928293175034364,9.572729204623618,10.087232691515107,5.971499732368572
Gene_0949,8.003338709839309,13.05148219072707,18.800707040964014,15.583323526376782,14.311289427507816,7.3413976373613545
Gene_0950,9.616512983655163,5.747802070613336,5.6010515640886425,6.212255219953064,7.632068141501733,6.179947051189599
Gene_0951,12.220596480032958,19.202784378992625,9.655665945860965,9.039600055175006,13.8448509669516,25.146415217291143
Gene_0952,1.1892469859872008,0.8258734155093758,0.8632349069845541,1.1668441074977236,1.5530739679608754,2.9375266465130494
Gene_0953,68.97250022711673,105.69168152041628,57.47901518103284,96.9306024810501,64.63286601176233,77.4474128681762
Gene_0954,12.62733640963171,8.390507665308498,5.576598147512566,7.04020866669913,13.869470635402163,10.66090311471406
Gene_0955,26.628999880902036,35.71774008665059,50.63536087436833,50.25913462508734,35.47936444920478,49.42110990523052
Gene_0956,40.535248928269645,16.86843947070524,11.985159237313994,12.289988416039373,26.640922578784732,16.752684233348432
Gene_0957,25.756994757158225,10.215560533644524,10.797305267740645,11.781231686684361,16.985625726173264,15.445083823240894
Gene_0958,23.768993909480464,13.17033559529019,28.09072384568635,18.31955662328818,13.180900915521324,21.498421592735056
Gene_0959,18.207871483352434,11.700788683680218,13.463894527287762,17.367463274444297,24.997051381615748,19.838251572357127
Gene_0960,27.01817322747048,16.055655461643898,22.385027636348163,17.421399031493454,23.072138968185328,19.017350397927512
Gene_0961,81.19266280483856,38.37598324926873,41.467796027571154,55.33119629537584,80.30543101432201,61.88550754639745
Gene_0962,15.411373721438125,13.906787078835489,10.148975115711023,8.192869788291263,16.423442881133557,11.382285450984098
Gene_0963,32.3607521787473,19.230924639290233,21.552566776564305,32.77285455433018,27.157779161653743,32.01588390740028
Gene_0964,8.49119736501489,6.971415399705895,3.3607291341108834,6.471326995984868,6.199666083679093,5.476095391802574
Gene_0965,77.30306897255677,52.44372755162505,107.59935357096614,108.45376387377807,98.4610525577143,73.66432910678566
Gene_0966,3.2765430605171733,1.506668439878536,3.6192295398161733,4.6383437779287275,3.072247649634886,5.550115330424379
Gene_0967,132.91336501190617,115.94294100744406,89.64956413743941,117.61520437173814,155.0797069223811,182.2599956706327
Gene_0968,12.511565579851665,3.806678053136027,4.584763098623701,5.6268507168329736,4.180434255015527,12.174240789499036
Gene_0969,1.3213629256299546,0.8219443872211745,0.8796440998145053,0.505801711772865,1.1328120598221993,1.0161006599966051
Gene_0970,4.743614471249484,5.768040584211972,8.430214494546126,6.30199945270994,8.476961762040213,11.510520136110538
Gene_0971,4.145204428091009,4.689263992451849,2.7149661405317502,1.9282127205759667,5.008751252073813,4.195023257360779
Gene_0972,35.379959418925175,33.282923760509924,25.33266896057248,43.1562680024192,36.041200985036134,48.61088623921212
Gene_0973,3.533223983619643,2.782808010857441,2.9641568118909087,3.146003330393464,3.4205199880461525,1.8046897211233015
Gene_0974,4.309960218718514,5.368277957642101,5.357903945666505,4.654933679334982,5.019794899457196,2.9769461054794597
Gene_0975,0.7785532256159425,0.3270848818263441,0.47226082476147857,0.24411497807362156,0.36895812481145696,0.7507576774290048
Gene_0976,6.3761076156834555,4.2855746913873425,2.5100436794055017,2.8647241087066035,6.995651601807677,4.0280372982910295
Gene_0977,0.19771613660457535,0.20084826942126163,0.26890587963540397,0.27821151730563526,0.405904797248084,0.18590310041140984
Gene_0978,0.9930451087167662,0.7218211499768631,1.0304405379105377,0.8191397739878276,0.8858488385414076,0.5502970744816389
Gene_0979,22.106779444585673,32.88439928974892,54.592433265303306,24.210389437780613,42.7134681047919,22.84934596433169
Gene_0980,20.31936045138407,29.052896744654987,15.725888630867503,31.139415669096536,23.21333751514283,18.408177092958077
Gene_0981,14.834128934903728,14.812534779330662,13.800533216796458,25.009284615731403,12.62682476822608,30.579203223051607
Gene_0982,2.872013026448569,1.02402391391477,0.8509196765825382,1.7745457989697715,2.010904132160876,2.00894656944976
Gene_0983,11.718043568817224,5.008264272846188,7.448658852544334,7.687267298937012,8.986167991728257,7.8920294788060765
Gene_0984,10.971282500130838,6.87886616403435,5.71899096783829,8.522389191061865,7.487024196128241,10.235117651729166
Gene_0985,2.0683290562381114,1.2984029429765975,2.123664190228324,2.9165672133103158,1.7516437824563185,2.0257946374972784
Gene_0986,105.28914196819885,48.75007132832328,51.23225147408329,41.08372383652024,88.56932026820276,109.25334155123703
Gene_0987,29.088948258883935,55.15882570857144,15.225091267599195,37.01531686597444,23.41373067552739,44.386507548263914
Gene_0988,7.728307314463473,8.118474614512095,4.224204253641877,5.609348162190371,7.106166103955395,5.124872231068204
Gene_0989,12.518542884681839,8.949830378183227,3.901412670755052,9.980984496281847,11.429051137312456,8.213459714341633
Gene_0990,16.209880612881996,10.02273082194799,11.606442501084334,9.076456850490784,12.192076032699564,14.85132710693713
Gene_0991,0.6318085036090382,0.3148702378797079,0.17059363863289387,0.37270414319327266,0.5598778502194621,0.34437864974650645
Gene_0992,8.07267127245973,3.7222514494378847,4.71820053474156,6.910061625812365,4.058380555862274,5.944743934391835
Gene_0993,3.778085689837554,2.6404202996470025,1.3064798274826628,7.398062520312792,3.5049630650673524,3.4954365591138843
Gene_0994,2.9019253093338047,1.7255849121908557,1.3704469499700307,2.294012110755649,1.327446273324293,2.4300966495112077
Gene_0995,6.154309343647477,3.242976929512146,7.279187807674459,4.113405759429402,3.9784662519994405,3.31962157212563
Gene_0996,107.63294215533648,117.61928860760648,111.98673663687231,105.6068611001183,103.9616174621735,158.50069931872835
Gene_0997,23.549475831844543,17.90995856561754,13.67914614716457,18.459174604358367,16.700146048981996,21.030054783275308
Gene_0998,3.2107998536991826,1.7186851886533887,2.850592171971665,2.003428613513081,3.0514106677458477,4.527972867655134
Gene_0999,18.230208929348827,13.084508774213115,16.08577783550646,17.290696297218446,18.753873295172667,25.70689387035471
